Date,Team 1,Team 2,FT,HT
2007-08-11,Altrincham,Exeter,1-4,1-0
2007-08-11,Crawley Town,Stevenage,2-1,2-0
2007-08-11,Droylsden,Salisbury,0-0,0-0
2007-08-11,Ebbsfleet,Northwich,2-1,1-0
2007-08-11,Farsley,Stafford Rangers,1-0,1-0
2007-08-11,Histon,Burton,2-2,0-0
2007-08-11,Kidderminster,Aldershot,1-2,0-0
2007-08-11,Oxford,Forest Green,1-0,0-0
2007-08-11,Weymouth,Halifax,2-1,0-0
2007-08-11,Woking,Rushden & D,1-1,0-0
2007-08-11,York,Cambridge,1-2,1-0
2007-08-12,Torquay,Grays,0-0,0-0
2007-08-14,Burton,York,4-3,1-1
2007-08-14,Exeter,Crawley Town,2-0,1-0
2007-08-14,Forest Green,Weymouth,3-2,3-1
2007-08-14,Halifax,Altrincham,2-2,2-2
2007-08-14,Northwich,Droylsden,3-3,2-2
2007-08-14,Rushden & D,Farsley,1-0,1-0
2007-08-14,Salisbury,Ebbsfleet,2-1,1-1
2007-08-14,Stafford Rangers,Kidderminster,1-3,1-1
2007-08-14,Stevenage,Histon,2-1,1-0
2007-08-15,Aldershot,Torquay,0-3,0-2
2007-08-15,Grays,Woking,1-1,0-0
2007-08-16,Cambridge,Oxford,2-1,1-0
2007-08-18,Aldershot,Droylsden,3-1,0-1
2007-08-18,Forest Green,Altrincham,3-1,1-1
2007-08-18,Grays,Kidderminster,5-1,4-0
2007-08-18,Halifax,Histon,0-0,0-0
2007-08-18,Northwich,Torquay,1-3,0-2
2007-08-18,Rushden & D,Ebbsfleet,0-1,0-1
2007-08-18,Salisbury,Crawley Town,4-1,2-0
2007-08-18,Stafford Rangers,Woking,0-1,0-0
2007-08-18,Stevenage,Weymouth,3-0,1-0
2007-08-19,Burton,Oxford,1-2,1-1
2007-08-20,Exeter,York,1-1,1-0
2007-08-21,Cambridge,Farsley,5-1,3-0
2007-08-23,Weymouth,Burton,1-2,1-2
2007-08-24,Histon,Aldershot,1-2,0-2
2007-08-24,Kidderminster,Stevenage,0-2,0-2
2007-08-24,York,Forest Green,0-2,0-0
2007-08-25,Altrincham,Grays,0-1,0-0
2007-08-25,Crawley Town,Northwich,2-1,1-1
2007-08-25,Droylsden,Exeter,2-3,0-1
2007-08-25,Ebbsfleet,Halifax,1-0,0-0
2007-08-25,Farsley,Salisbury,2-2,1-1
2007-08-25,Oxford,Stafford Rangers,2-1,1-0
2007-08-25,Torquay,Rushden & D,3-2,0-0
2007-08-25,Woking,Cambridge,0-0,0-0
2007-08-27,Aldershot,Crawley Town,0-1,0-0
2007-08-27,Burton,Farsley,1-0,0-0
2007-08-27,Cambridge,Ebbsfleet,1-1,0-1
2007-08-27,Exeter,Weymouth,0-0,0-0
2007-08-27,Forest Green,Torquay,2-2,2-1
2007-08-27,Grays,Histon,0-1,0-0
2007-08-27,Halifax,Droylsden,3-0,2-0
2007-08-27,Northwich,York,0-1,0-0
2007-08-27,Rushden & D,Kidderminster,0-1,0-0
2007-08-27,Salisbury,Woking,2-1,2-0
2007-08-27,Stafford Rangers,Altrincham,1-1,1-1
2007-08-27,Stevenage,Oxford,0-0,0-0
2007-08-30,York,Rushden & D,2-3,1-1
2007-08-31,Weymouth,Cambridge,2-2,1-0
2007-09-01,Altrincham,Aldershot,1-2,1-1
2007-09-01,Crawley Town,Burton,1-1,1-0
2007-09-01,Droylsden,Grays,1-2,0-0
2007-09-01,Ebbsfleet,Stevenage,0-1,0-1
2007-09-01,Farsley,Northwich,2-1,0-1
2007-09-01,Histon,Salisbury,2-0,0-0
2007-09-01,Kidderminster,Exeter,4-0,2-0
2007-09-01,Oxford,Halifax,1-1,0-0
2007-09-01,Torquay,Stafford Rangers,2-0,1-0
2007-09-01,Woking,Forest Green,1-1,0-0
2007-09-04,Cambridge,Grays,1-0,0-0
2007-09-04,Droylsden,Stevenage,0-3,0-0
2007-09-04,Ebbsfleet,Histon,0-1,0-0
2007-09-04,Farsley,Kidderminster,1-1,1-0
2007-09-04,Forest Green,Aldershot,2-3,1-2
2007-09-04,Northwich,Burton,0-2,0-1
2007-09-04,Oxford,Exeter,2-2,1-0
2007-09-04,Rushden & D,Crawley Town,1-1,0-1
2007-09-04,Torquay,Salisbury,4-0,2-0
2007-09-04,Woking,Weymouth,1-1,0-0
2007-09-04,York,Altrincham,2-2,1-1
2007-09-06,Stafford Rangers,Halifax,2-3,0-1
2007-09-08,Aldershot,Northwich,5-0,2-0
2007-09-08,Altrincham,Oxford,1-3,0-1
2007-09-08,Crawley Town,Droylsden,5-0,2-0
2007-09-08,Exeter,Cambridge,1-1,1-0
2007-09-08,Grays,Forest Green,0-1,0-1
2007-09-08,Histon,Farsley,1-2,0-0
2007-09-08,Kidderminster,York,3-0,2-0
2007-09-08,Salisbury,Rushden & D,1-1,0-0
2007-09-08,Weymouth,Ebbsfleet,2-0,1-0
2007-09-10,Burton,Torquay,3-1,2-0
2007-09-10,Stevenage,Stafford Rangers,3-0,0-0
2007-09-11,Grays,Oxford,0-0,0-0
2007-09-11,Halifax,Woking,1-0,0-0
2007-09-13,Forest Green,Salisbury,0-3,0-2
2007-09-14,Torquay,Halifax,3-1,0-0
2007-09-15,Cambridge,Crawley Town,2-1,0-1
2007-09-15,Droylsden,Weymouth,1-3,0-1
2007-09-15,Ebbsfleet,Kidderminster,5-4,3-0
2007-09-15,Farsley,Exeter,0-2,0-1
2007-09-15,Northwich,Histon,1-3,0-2
2007-09-15,Oxford,Aldershot,2-3,0-2
2007-09-15,Rushden & D,Burton,0-0,0-0
2007-09-15,Stafford Rangers,Grays,0-2,0-2
2007-09-15,Woking,Altrincham,2-0,1-0
2007-09-15,York,Stevenage,0-2,0-0
2007-09-18,Aldershot,York,2-0,0-0
2007-09-18,Altrincham,Cambridge,0-3,0-2
2007-09-18,Burton,Ebbsfleet,1-1,0-1
2007-09-18,Crawley Town,Woking,5-3,3-1
2007-09-18,Exeter,Forest Green,3-3,2-0
2007-09-18,Halifax,Northwich,3-1,2-0
2007-09-18,Histon,Torquay,4-5,0-3
2007-09-18,Kidderminster,Droylsden,3-1,1-1
2007-09-18,Salisbury,Stafford Rangers,1-0,1-0
2007-09-18,Stevenage,Farsley,4-0,1-0
2007-09-18,Weymouth,Rushden & D,1-2,1-1
2007-09-20,Histon,Oxford,1-0,1-0
2007-09-22,Aldershot,Farsley,4-3,1-0
2007-09-22,Altrincham,Droylsden,3-2,1-1
2007-09-22,Burton,Woking,2-0,2-0
2007-09-22,Crawley Town,Forest Green,3-0,0-0
2007-09-22,Exeter,Ebbsfleet,1-1,0-1
2007-09-22,Grays,York,0-2,0-1
2007-09-22,Halifax,Rushden & D,1-1,1-0
2007-09-22,Kidderminster,Torquay,2-5,0-3
2007-09-22,Salisbury,Northwich,2-0,1-0
2007-09-22,Stevenage,Cambridge,1-2,0-1
2007-09-22,Weymouth,Stafford Rangers,1-3,0-2
2007-09-25,Cambridge,Aldershot,1-1,1-0
2007-09-25,Droylsden,Burton,0-2,0-0
2007-09-25,Ebbsfleet,Crawley Town,1-0,0-0
2007-09-25,Forest Green,Stevenage,4-2,1-1
2007-09-25,Oxford,Salisbury,2-1,1-0
2007-09-25,Rushden & D,Grays,1-1,1-0
2007-09-25,Stafford Rangers,Histon,1-1,0-1
2007-09-25,Torquay,Weymouth,3-2,0-1
2007-09-25,Woking,Exeter,1-1,0-1
2007-09-27,York,Halifax,3-2,0-1
2007-09-29,Crawley Town,Altrincham,0-1,0-0
2007-09-29,Farsley,Ebbsfleet,1-1,1-1
2007-09-29,Forest Green,Cambridge,3-1,1-0
2007-09-29,Grays,Stevenage,0-2,0-1
2007-09-29,Histon,Weymouth,2-2,1-1
2007-09-29,Northwich,Woking,1-3,0-2
2007-09-29,Rushden & D,Stafford Rangers,1-1,0-0
2007-09-29,Salisbury,Kidderminster,0-1,0-1
2007-09-29,Torquay,Droylsden,2-1,0-1
2007-09-30,Oxford,York,1-1,1-0
2007-10-02,Aldershot,Exeter,2-0,0-0
2007-10-02,Halifax,Burton,2-2,1-0
2007-10-02,Northwich,Kidderminster,1-1,0-1
2007-10-04,Woking,Farsley,2-0,0-0
2007-10-06,Altrincham,Rushden & D,1-2,0-2
2007-10-06,Burton,Salisbury,4-3,1-2
2007-10-06,Cambridge,Halifax,2-2,1-1
2007-10-06,Droylsden,Oxford,3-1,1-0
2007-10-06,Ebbsfleet,Torquay,2-1,0-0
2007-10-06,Exeter,Grays,1-0,1-0
2007-10-06,Kidderminster,Crawley Town,1-1,1-0
2007-10-06,Stafford Rangers,Forest Green,1-3,1-0
2007-10-06,Stevenage,Aldershot,3-1,2-0
2007-10-06,Weymouth,Northwich,2-0,1-0
2007-10-06,York,Histon,1-4,1-1
2007-10-09,Aldershot,Ebbsfleet,2-0,0-0
2007-10-09,Altrincham,Burton,0-0,0-0
2007-10-09,Cambridge,Rushden & D,1-0,0-0
2007-10-09,Crawley Town,Histon,1-0,1-0
2007-10-09,Droylsden,Farsley,0-3,0-1
2007-10-09,Exeter,Salisbury,4-2,2-1
2007-10-09,Forest Green,Northwich,4-1,1-0
2007-10-09,Grays,Weymouth,0-2,0-0
2007-10-09,Kidderminster,Halifax,1-0,0-0
2007-10-09,Stevenage,Woking,1-1,1-1
2007-10-09,York,Stafford Rangers,2-0,2-0
2007-10-11,Oxford,Torquay,3-3,3-0
2007-10-12,Rushden & D,Forest Green,1-2,0-1
2007-10-12,Weymouth,Crawley Town,1-2,1-1
2007-10-13,Burton,Aldershot,2-0,1-0
2007-10-13,Ebbsfleet,Droylsden,2-0,0-0
2007-10-13,Northwich,Exeter,0-0,0-0
2007-10-13,Salisbury,Altrincham,3-3,0-2
2007-10-13,Stafford Rangers,Cambridge,1-1,1-1
2007-10-13,Woking,York,0-3,0-1
2007-10-14,Farsley,Oxford,0-1,0-0
2007-10-14,Histon,Kidderminster,2-1,1-0
2007-10-14,Torquay,Stevenage,4-2,2-1
2007-10-16,Halifax,Grays,0-0,0-0
2007-10-18,Stevenage,Burton,3-3,1-1
2007-10-20,Aldershot,Halifax,1-0,0-0
2007-10-20,Altrincham,Ebbsfleet,1-3,0-3
2007-10-20,Cambridge,Salisbury,1-1,1-0
2007-10-20,Crawley Town,Stafford Rangers,1-1,1-0
2007-10-20,Droylsden,Histon,0-1,0-0
2007-10-20,Exeter,Rushden & D,2-2,1-0
2007-10-20,Forest Green,Farsley,2-2,1-0
2007-10-20,Grays,Northwich,3-1,1-1
2007-10-20,Kidderminster,Weymouth,0-2,0-0
2007-10-20,Oxford,Woking,0-0,0-0
2007-10-21,York,Torquay,0-1,0-0
2007-11-01,Rushden & D,Oxford,5-0,3-0
2007-11-02,Weymouth,Aldershot,0-2,0-1
2007-11-03,Burton,Kidderminster,0-2,0-1
2007-11-03,Ebbsfleet,Forest Green,0-2,0-1
2007-11-03,Halifax,Crawley Town,3-0,2-0
2007-11-03,Histon,Altrincham,1-0,1-0
2007-11-03,Northwich,Stevenage,0-2,0-1
2007-11-03,Salisbury,Grays,0-1,0-1
2007-11-03,Stafford Rangers,Exeter,1-5,1-2
2007-11-03,Torquay,Cambridge,1-2,1-1
2007-11-03,Woking,Droylsden,1-1,1-1
2007-11-04,Farsley,York,1-4,1-2
2007-11-10,Woking,Grays,0-1,0-0
2007-11-17,Aldershot,Rushden & D,2-1,1-0
2007-11-17,Altrincham,Weymouth,3-2,1-1
2007-11-17,Cambridge,Northwich,2-1,1-0
2007-11-17,Crawley Town,Torquay,2-3,0-3
2007-11-17,Droylsden,Stafford Rangers,1-1,0-1
2007-11-17,Exeter,Burton,1-4,1-1
2007-11-17,Forest Green,Histon,3-1,2-0
2007-11-17,Grays,Farsley,1-0,1-0
2007-11-17,Kidderminster,Woking,1-1,1-0
2007-11-17,Oxford,Ebbsfleet,0-0,0-0
2007-11-17,Stevenage,Halifax,2-3,2-0
2007-11-17,York,Salisbury,1-3,1-1
2007-11-20,Farsley,Altrincham,1-1,1-0
2007-11-22,Aldershot,Grays,3-2,3-0
2007-11-23,Burton,Cambridge,1-2,1-0
2007-11-24,Crawley Town,Farsley,4-1,1-1
2007-11-24,Droylsden,Forest Green,5-3,2-3
2007-11-24,Ebbsfleet,Stafford Rangers,2-1,0-1
2007-11-24,Halifax,Salisbury,1-1,0-0
2007-11-24,Histon,Exeter,2-2,1-1
2007-11-24,Kidderminster,Oxford,0-2,0-1
2007-11-24,Northwich,Rushden & D,1-0,1-0
2007-11-24,Torquay,Woking,2-0,1-0
2007-11-24,Weymouth,York,1-2,0-0
2007-11-26,Stevenage,Altrincham,2-1,1-1
2007-11-29,Woking,Ebbsfleet,1-0,1-0
2007-12-01,Altrincham,Histon,1-2,0-1
2007-12-01,Stafford Rangers,Northwich,0-0,0-0
2007-12-01,York,Crawley Town,1-1,0-0
2007-12-02,Salisbury,Aldershot,0-4,0-2
2007-12-04,Rushden & D,Histon,2-3,2-2
2007-12-06,Kidderminster,Cambridge,1-0,0-0
2007-12-08,Aldershot,Stafford Rangers,4-3,3-2
2007-12-08,Burton,Forest Green,1-1,1-1
2007-12-08,Droylsden,Rushden & D,1-4,0-2
2007-12-08,Ebbsfleet,York,1-2,0-1
2007-12-08,Halifax,Exeter,0-3,0-1
2007-12-08,Histon,Woking,0-1,0-0
2007-12-08,Northwich,Oxford,1-0,1-0
2007-12-08,Stevenage,Salisbury,3-1,2-1
2007-12-12,Farsley,Torquay,1-2,0-1
2007-12-26,Altrincham,Northwich,1-2,1-2
2007-12-26,Cambridge,Histon,1-0,0-0
2007-12-26,Exeter,Torquay,4-3,2-0
2007-12-26,Farsley,Halifax,3-0,1-0
2007-12-26,Forest Green,Kidderminster,2-2,1-1
2007-12-26,Grays,Ebbsfleet,1-1,1-0
2007-12-26,Oxford,Crawley Town,1-0,0-0
2007-12-26,Rushden & D,Stevenage,0-0,0-0
2007-12-26,Salisbury,Weymouth,1-1,0-0
2007-12-26,Stafford Rangers,Burton,0-3,0-3
2007-12-26,Woking,Aldershot,0-1,0-0
2007-12-26,York,Droylsden,2-1,1-1
2007-12-29,Altrincham,Stevenage,1-5,1-2
2007-12-29,Cambridge,Burton,0-0,0-0
2007-12-29,Exeter,Histon,2-1,0-1
2007-12-29,Farsley,Crawley Town,1-5,0-2
2007-12-29,Forest Green,Droylsden,3-2,2-0
2007-12-29,Grays,Aldershot,2-1,1-0
2007-12-29,Oxford,Kidderminster,0-0,0-0
2007-12-29,Rushden & D,Northwich,1-0,1-0
2007-12-29,Salisbury,Halifax,1-0,0-0
2007-12-29,Stafford Rangers,Ebbsfleet,0-1,0-0
2007-12-29,Woking,Torquay,0-1,0-0
2007-12-29,York,Weymouth,2-0,0-0
2008-01-01,Aldershot,Woking,2-1,2-0
2008-01-01,Burton,Stafford Rangers,2-1,1-1
2008-01-01,Crawley Town,Oxford,2-0,0-0
2008-01-01,Droylsden,York,3-4,2-0
2008-01-01,Ebbsfleet,Grays,4-1,2-0
2008-01-01,Halifax,Farsley,2-0,1-0
2008-01-01,Histon,Cambridge,1-0,0-0
2008-01-01,Kidderminster,Forest Green,1-0,0-0
2008-01-01,Northwich,Altrincham,1-2,0-0
2008-01-01,Stevenage,Rushden & D,2-1,0-0
2008-01-01,Torquay,Exeter,1-0,0-0
2008-01-01,Weymouth,Salisbury,0-3,0-0
2008-01-05,Droylsden,Crawley Town,1-2,1-0
2008-01-05,Ebbsfleet,Weymouth,4-1,3-0
2008-01-05,Farsley,Histon,1-3,1-2
2008-01-05,Forest Green,Grays,1-2,0-1
2008-01-05,Northwich,Aldershot,1-2,0-1
2008-01-05,Oxford,Altrincham,4-0,2-0
2008-01-05,Rushden & D,Salisbury,0-0,0-0
2008-01-05,Stafford Rangers,Stevenage,1-2,0-2
2008-01-05,Woking,Halifax,1-0,1-0
2008-01-05,York,Kidderminster,2-2,2-2
2008-01-07,Torquay,Burton,1-2,1-1
2008-01-08,Altrincham,Kidderminster,2-1,0-0
2008-01-08,Oxford,Weymouth,0-1,0-1
2008-01-12,Salisbury,Oxford,3-1,2-0
2008-01-19,Aldershot,Forest Green,0-1,0-1
2008-01-19,Altrincham,York,2-2,1-0
2008-01-19,Burton,Northwich,4-1,2-1
2008-01-19,Crawley Town,Rushden & D,4-1,3-0
2008-01-19,Grays,Cambridge,2-1,0-1
2008-01-19,Kidderminster,Farsley,2-1,0-1
2008-01-19,Salisbury,Torquay,0-0,0-0
2008-01-19,Stevenage,Droylsden,5-0,2-0
2008-01-19,Weymouth,Woking,0-1,0-0
2008-01-20,Exeter,Oxford,2-0,2-0
2008-01-22,Cambridge,Droylsden,5-0,2-0
2008-01-24,Farsley,Stevenage,0-0,0-0
2008-01-26,Cambridge,Altrincham,2-1,1-0
2008-01-26,Droylsden,Kidderminster,1-0,1-0
2008-01-26,Ebbsfleet,Burton,2-1,1-0
2008-01-26,Forest Green,Exeter,1-1,1-1
2008-01-26,Northwich,Halifax,2-2,2-2
2008-01-26,Oxford,Grays,0-0,0-0
2008-01-26,Rushden & D,Weymouth,3-2,1-1
2008-01-26,Stafford Rangers,Salisbury,1-5,0-3
2008-01-26,Woking,Crawley Town,1-1,1-1
2008-01-26,York,Aldershot,2-0,1-0
2008-01-28,Torquay,Histon,1-0,0-0
2008-01-29,Aldershot,Oxford,1-0,0-0
2008-01-29,Burton,Rushden & D,2-1,1-1
2008-01-29,Cambridge,Exeter,0-1,0-1
2008-01-31,Altrincham,Woking,2-2,0-1
2008-02-02,Exeter,Stevenage,4-0,3-0
2008-02-02,Kidderminster,Northwich,0-0,0-0
2008-02-02,Salisbury,Forest Green,0-0,0-0
2008-02-09,Cambridge,Stevenage,2-1,0-0
2008-02-09,Droylsden,Altrincham,0-2,0-0
2008-02-09,Ebbsfleet,Exeter,1-1,1-0
2008-02-09,Farsley,Aldershot,1-3,0-1
2008-02-09,Northwich,Salisbury,0-1,0-0
2008-02-09,Oxford,Histon,3-0,2-0
2008-02-09,Rushden & D,Halifax,2-2,1-1
2008-02-09,Stafford Rangers,Weymouth,2-1,1-0
2008-02-09,Torquay,Kidderminster,1-0,1-0
2008-02-09,Woking,Burton,2-1,2-0
2008-02-09,York,Grays,2-0,0-0
2008-02-10,Forest Green,Crawley Town,1-0,0-0
2008-02-12,Aldershot,Cambridge,0-0,0-0
2008-02-12,Altrincham,Farsley,0-0,0-0
2008-02-12,Burton,Droylsden,3-0,2-0
2008-02-12,Exeter,Woking,2-2,2-0
2008-02-12,Halifax,York,2-2,1-1
2008-02-12,Weymouth,Torquay,0-0,0-0
2008-02-13,Stevenage,Forest Green,0-0,0-0
2008-02-14,Crawley Town,Ebbsfleet,1-2,1-2
2008-02-16,Farsley,Woking,3-0,2-0
2008-02-16,Forest Green,Stafford Rangers,1-2,1-1
2008-02-16,Grays,Exeter,0-2,0-2
2008-02-16,Halifax,Cambridge,1-2,1-1
2008-02-16,Histon,York,3-1,2-1
2008-02-16,Oxford,Droylsden,1-0,1-0
2008-02-16,Rushden & D,Altrincham,1-0,1-0
2008-02-16,Salisbury,Burton,2-0,0-0
2008-02-16,Torquay,Ebbsfleet,3-1,1-0
2008-02-17,Aldershot,Stevenage,3-1,3-0
2008-02-23,Cambridge,Forest Green,2-0,1-0
2008-02-23,Exeter,Farsley,2-1,2-0
2008-02-23,Halifax,Stafford Rangers,0-0,0-0
2008-02-23,Kidderminster,Salisbury,1-2,1-2
2008-02-23,Stevenage,Grays,0-0,0-0
2008-02-23,Weymouth,Histon,0-1,0-0
2008-02-23,Woking,Northwich,2-3,1-1
2008-02-26,Histon,Stafford Rangers,3-3,1-0
2008-02-26,Torquay,Altrincham,1-1,1-0
2008-03-01,Aldershot,Kidderminster,2-1,1-1
2008-03-01,Burton,Histon,1-3,0-2
2008-03-01,Cambridge,York,2-0,1-0
2008-03-01,Exeter,Altrincham,2-1,2-0
2008-03-01,Forest Green,Oxford,0-0,0-0
2008-03-01,Grays,Torquay,2-0,1-0
2008-03-01,Halifax,Weymouth,2-1,0-1
2008-03-01,Northwich,Ebbsfleet,3-3,1-0
2008-03-01,Rushden & D,Woking,2-1,1-1
2008-03-01,Salisbury,Droylsden,3-1,2-0
2008-03-01,Stafford Rangers,Farsley,0-2,0-1
2008-03-01,Stevenage,Crawley Town,3-1,2-1
2008-03-03,Torquay,Aldershot,1-2,0-1
2008-03-04,Altrincham,Halifax,3-3,1-2
2008-03-04,Crawley Town,Exeter,2-2,1-1
2008-03-04,Droylsden,Northwich,1-3,1-0
2008-03-04,Ebbsfleet,Salisbury,2-1,2-0
2008-03-04,Farsley,Rushden & D,0-1,0-0
2008-03-04,Histon,Stevenage,1-4,1-1
2008-03-04,Kidderminster,Stafford Rangers,6-0,4-0
2008-03-04,Oxford,Cambridge,1-2,1-1
2008-03-04,Weymouth,Forest Green,0-6,0-3
2008-03-04,York,Burton,0-0,0-0
2008-03-08,Altrincham,Forest Green,1-0,0-0
2008-03-08,Crawley Town,Salisbury,1-1,0-0
2008-03-08,Farsley,Cambridge,2-1,0-0
2008-03-08,Histon,Halifax,1-3,0-2
2008-03-08,Kidderminster,Grays,1-0,1-0
2008-03-08,Oxford,Burton,0-3,0-2
2008-03-08,Weymouth,Stevenage,1-0,1-0
2008-03-08,Woking,Stafford Rangers,2-2,1-1
2008-03-10,York,Exeter,3-2,2-1
2008-03-11,Aldershot,Histon,3-1,2-0
2008-03-11,Altrincham,Crawley Town,2-3,0-0
2008-03-11,Ebbsfleet,Rushden & D,0-3,0-1
2008-03-11,Grays,Burton,0-0,0-0
2008-03-11,Halifax,Torquay,3-2,2-0
2008-03-11,Weymouth,Farsley,0-0,0-0
2008-03-13,Stevenage,Kidderminster,2-1,1-0
2008-03-15,Cambridge,Woking,1-0,1-0
2008-03-15,Forest Green,Halifax,2-0,2-0
2008-03-15,Grays,Altrincham,1-0,1-0
2008-03-15,Histon,Rushden & D,2-1,0-0
2008-03-15,Northwich,Crawley Town,2-0,0-0
2008-03-15,Salisbury,Farsley,1-1,0-0
2008-03-15,Stafford Rangers,Oxford,0-1,0-1
2008-03-16,Burton,Weymouth,2-1,0-1
2008-03-18,Crawley Town,Cambridge,2-1,1-1
2008-03-18,Forest Green,York,1-2,0-2
2008-03-18,Histon,Ebbsfleet,3-2,1-2
2008-03-18,Northwich,Weymouth,2-2,0-0
2008-03-20,Grays,Droylsden,3-1,1-1
2008-03-21,Forest Green,Woking,2-1,1-1
2008-03-21,Salisbury,Histon,3-3,1-2
2008-03-21,Stevenage,Ebbsfleet,3-1,2-0
2008-03-22,Aldershot,Altrincham,2-1,1-1
2008-03-22,Burton,Crawley Town,1-0,0-0
2008-03-22,Cambridge,Weymouth,0-0,0-0
2008-03-22,Exeter,Kidderminster,1-0,0-0
2008-03-22,Halifax,Oxford,0-3,0-1
2008-03-22,Northwich,Farsley,4-0,2-0
2008-03-22,Rushden & D,York,1-1,0-0
2008-03-22,Stafford Rangers,Torquay,0-2,0-0
2008-03-24,Altrincham,Stafford Rangers,2-0,2-0
2008-03-24,Crawley Town,Aldershot,0-1,0-1
2008-03-24,Droylsden,Halifax,2-0,1-0
2008-03-24,Ebbsfleet,Cambridge,2-1,1-1
2008-03-24,Farsley,Burton,0-1,0-1
2008-03-24,Histon,Grays,2-2,1-1
2008-03-24,Kidderminster,Rushden & D,2-0,1-0
2008-03-24,Oxford,Stevenage,2-1,1-0
2008-03-24,Torquay,Forest Green,1-0,1-0
2008-03-24,Weymouth,Exeter,3-1,1-0
2008-03-24,Woking,Salisbury,3-2,1-1
2008-03-25,York,Northwich,1-1,1-0
2008-03-27,Crawley Town,Kidderminster,0-4,0-4
2008-03-27,Droylsden,Aldershot,2-2,1-0
2008-03-27,Salisbury,Stevenage,1-0,0-0
2008-03-29,Altrincham,Torquay,1-1,0-0
2008-03-29,Cambridge,Kidderminster,0-3,0-1
2008-03-29,Exeter,Halifax,1-0,0-0
2008-03-29,Farsley,Weymouth,4-2,1-1
2008-03-29,Grays,Crawley Town,2-1,0-1
2008-03-29,Oxford,Northwich,0-1,0-1
2008-03-29,Rushden & D,Droylsden,0-0,0-0
2008-03-29,Stafford Rangers,Aldershot,1-2,0-1
2008-03-29,Woking,Histon,3-3,1-1
2008-03-29,York,Ebbsfleet,0-1,0-1
2008-03-31,Forest Green,Burton,3-1,2-0
2008-04-01,Droylsden,Torquay,1-2,0-2
2008-04-01,Grays,Stafford Rangers,5-1,3-0
2008-04-01,Histon,Northwich,1-1,0-0
2008-04-01,Kidderminster,Ebbsfleet,2-1,2-1
2008-04-01,Stevenage,York,3-2,1-2
2008-04-03,Exeter,Droylsden,1-1,0-1
2008-04-05,Aldershot,Salisbury,2-1,1-0
2008-04-05,Burton,Grays,2-3,2-1
2008-04-05,Crawley Town,York,6-1,3-1
2008-04-05,Droylsden,Cambridge,0-2,0-1
2008-04-05,Ebbsfleet,Woking,1-1,0-0
2008-04-05,Halifax,Forest Green,1-1,0-0
2008-04-05,Kidderminster,Altrincham,1-1,1-1
2008-04-05,Northwich,Stafford Rangers,4-3,3-2
2008-04-05,Stevenage,Exeter,0-1,0-1
2008-04-05,Torquay,Farsley,0-1,0-1
2008-04-05,Weymouth,Oxford,0-1,0-0
2008-04-08,Burton,Altrincham,2-1,0-0
2008-04-08,Ebbsfleet,Aldershot,2-2,1-0
2008-04-08,Farsley,Droylsden,1-2,1-1
2008-04-08,Halifax,Kidderminster,1-6,1-4
2008-04-08,Histon,Crawley Town,3-0,1-0
2008-04-08,Northwich,Forest Green,1-1,1-0
2008-04-08,Rushden & D,Cambridge,1-2,0-0
2008-04-08,Salisbury,Exeter,2-0,1-0
2008-04-08,Stafford Rangers,York,0-4,0-0
2008-04-08,Torquay,Oxford,3-2,1-1
2008-04-08,Weymouth,Grays,1-1,0-1
2008-04-08,Woking,Stevenage,0-2,0-1
2008-04-10,Halifax,Ebbsfleet,1-0,0-0
2008-04-12,Aldershot,Burton,1-0,1-0
2008-04-12,Altrincham,Salisbury,3-1,0-1
2008-04-12,Cambridge,Stafford Rangers,1-2,1-1
2008-04-12,Crawley Town,Weymouth,1-1,1-1
2008-04-12,Exeter,Northwich,2-1,1-1
2008-04-12,Forest Green,Rushden & D,0-1,0-0
2008-04-12,Grays,Halifax,3-3,1-1
2008-04-12,Kidderminster,Histon,1-1,1-0
2008-04-12,Oxford,Farsley,5-1,2-0
2008-04-12,Stevenage,Torquay,1-3,0-0
2008-04-12,York,Woking,2-3,1-1
2008-04-15,Burton,Halifax,2-1,0-0
2008-04-15,Crawley Town,Grays,2-1,0-0
2008-04-15,Ebbsfleet,Farsley,3-1,0-1
2008-04-15,Exeter,Aldershot,1-1,1-1
2008-04-15,Stafford Rangers,Rushden & D,0-1,0-1
2008-04-15,Torquay,Northwich,1-0,1-0
2008-04-15,Weymouth,Droylsden,2-1,1-1
2008-04-15,York,Oxford,0-1,0-0
2008-04-17,Droylsden,Ebbsfleet,1-1,0-0
2008-04-17,Rushden & D,Torquay,2-1,1-1
2008-04-18,Burton,Stevenage,3-0,0-0
2008-04-19,Ebbsfleet,Altrincham,2-0,1-0
2008-04-19,Farsley,Forest Green,0-2,0-1
2008-04-19,Halifax,Aldershot,0-0,0-0
2008-04-19,Histon,Droylsden,2-0,1-0
2008-04-19,Northwich,Grays,1-0,0-0
2008-04-19,Rushden & D,Exeter,0-2,0-1
2008-04-19,Salisbury,Cambridge,0-2,0-2
2008-04-19,Stafford Rangers,Crawley Town,1-3,1-2
2008-04-19,Torquay,York,0-0,0-0
2008-04-19,Weymouth,Kidderminster,2-1,0-0
2008-04-19,Woking,Oxford,1-2,0-1
2008-04-22,Aldershot,Weymouth,0-0,0-0
2008-04-22,Cambridge,Torquay,2-0,2-0
2008-04-22,Crawley Town,Halifax,0-4,0-2
2008-04-22,Droylsden,Woking,1-1,1-0
2008-04-22,Exeter,Stafford Rangers,4-1,2-0
2008-04-22,Forest Green,Ebbsfleet,2-2,1-1
2008-04-22,Grays,Salisbury,1-1,1-1
2008-04-22,Kidderminster,Burton,4-1,3-0
2008-04-22,Oxford,Rushden & D,1-0,0-0
2008-04-22,Stevenage,Northwich,1-2,0-1
2008-04-22,York,Farsley,4-1,2-0
2008-04-24,Grays,Rushden & D,3-0,2-0
2008-04-26,Burton,Exeter,4-4,1-1
2008-04-26,Ebbsfleet,Oxford,1-3,0-3
2008-04-26,Farsley,Grays,1-3,1-1
2008-04-26,Halifax,Stevenage,1-2,0-2
2008-04-26,Histon,Forest Green,2-2,2-1
2008-04-26,Northwich,Cambridge,0-2,0-1
2008-04-26,Rushden & D,Aldershot,1-1,0-0
2008-04-26,Salisbury,York,3-0,2-0
2008-04-26,Stafford Rangers,Droylsden,2-1,1-0
2008-04-26,Torquay,Crawley Town,1-2,0-1
2008-04-26,Weymouth,Altrincham,2-2,2-1
2008-04-26,Woking,Kidderminster,3-0,1-0
