Round,Date,Team 1,Team 2,FT,HT
-,-,Blackpool,Birmingham City,3-2,-
-,-,Bolton Wanderers,Birmingham City,3-1,-
-,-,Brentford,Birmingham City,0-1,-
-,-,Bristol City,Birmingham City,1-0,-
-,-,Bristol Rovers,Birmingham City,0-0,-
-,-,Bury,Birmingham City,0-0,-
-,-,Cardiff City,Birmingham City,0-1,-
-,-,Chester,Birmingham City,4-0,-
-,-,Crewe Alexandra,Birmingham City,0-2,-
-,-,Fulham,Birmingham City,1-2,-
-,-,Huddersfield Town,Birmingham City,1-2,-
-,-,Leyton Orient,Birmingham City,1-2,-
-,-,Mansfield Town,Birmingham City,5-2,-
-,-,Northampton Town,Birmingham City,2-2,-
-,-,Notts County,Birmingham City,3-2,-
-,-,Preston North End,Birmingham City,2-2,-
-,-,Reading,Birmingham City,0-2,-
-,-,Rotherham United,Birmingham City,5-1,-
-,-,Shrewsbury Town,Birmingham City,2-0,-
-,-,Swansea City,Birmingham City,1-1,-
-,-,Tranmere Rovers,Birmingham City,5-1,-
-,-,Walsall,Birmingham City,0-1,-
-,-,Wigan Athletic,Birmingham City,1-0,-
-,-,Birmingham City,Blackpool,3-1,-
-,-,Bolton Wanderers,Blackpool,2-0,-
-,-,Brentford,Blackpool,5-0,-
-,-,Bristol City,Blackpool,2-0,-
-,-,Bristol Rovers,Blackpool,1-1,-
-,-,Bury,Blackpool,2-0,-
-,-,Cardiff City,Blackpool,2-2,-
-,-,Chester,Blackpool,2-0,-
-,-,Crewe Alexandra,Blackpool,2-0,-
-,-,Fulham,Blackpool,0-0,-
-,-,Huddersfield Town,Blackpool,2-2,-
-,-,Leyton Orient,Blackpool,2-0,-
-,-,Mansfield Town,Blackpool,0-3,-
-,-,Northampton Town,Blackpool,4-2,-
-,-,Notts County,Blackpool,0-1,-
-,-,Preston North End,Blackpool,2-1,-
-,-,Reading,Blackpool,1-1,-
-,-,Rotherham United,Blackpool,1-1,-
-,-,Shrewsbury Town,Blackpool,1-1,-
-,-,Swansea City,Blackpool,0-0,-
-,-,Tranmere Rovers,Blackpool,4-2,-
-,-,Walsall,Blackpool,1-1,-
-,-,Wigan Athletic,Blackpool,1-1,-
-,-,Birmingham City,Bolton Wanderers,1-0,-
-,-,Blackpool,Bolton Wanderers,2-1,-
-,-,Brentford,Bolton Wanderers,1-2,-
-,-,Bristol City,Bolton Wanderers,1-1,-
-,-,Bristol Rovers,Bolton Wanderers,1-1,-
-,-,Bury,Bolton Wanderers,2-0,-
-,-,Cardiff City,Bolton Wanderers,0-2,-
-,-,Chester,Bolton Wanderers,2-0,-
-,-,Crewe Alexandra,Bolton Wanderers,2-2,-
-,-,Fulham,Bolton Wanderers,2-2,-
-,-,Huddersfield Town,Bolton Wanderers,1-1,-
-,-,Leyton Orient,Bolton Wanderers,0-0,-
-,-,Mansfield Town,Bolton Wanderers,0-1,-
-,-,Northampton Town,Bolton Wanderers,0-2,-
-,-,Notts County,Bolton Wanderers,2-1,-
-,-,Preston North End,Bolton Wanderers,1-4,-
-,-,Reading,Bolton Wanderers,2-0,-
-,-,Rotherham United,Bolton Wanderers,1-0,-
-,-,Shrewsbury Town,Bolton Wanderers,3-3,-
-,-,Swansea City,Bolton Wanderers,0-0,-
-,-,Tranmere Rovers,Bolton Wanderers,1-3,-
-,-,Walsall,Bolton Wanderers,2-1,-
-,-,Wigan Athletic,Bolton Wanderers,2-0,-
-,-,Birmingham City,Brentford,0-1,-
-,-,Blackpool,Brentford,4-0,-
-,-,Bolton Wanderers,Brentford,0-1,-
-,-,Bristol City,Brentford,2-0,-
-,-,Bristol Rovers,Brentford,1-0,-
-,-,Bury,Brentford,0-2,-
-,-,Cardiff City,Brentford,2-2,-
-,-,Chester,Brentford,1-1,-
-,-,Crewe Alexandra,Brentford,2-3,-
-,-,Fulham,Brentford,1-0,-
-,-,Huddersfield Town,Brentford,1-0,-
-,-,Leyton Orient,Brentford,0-1,-
-,-,Mansfield Town,Brentford,2-3,-
-,-,Northampton Town,Brentford,0-2,-
-,-,Notts County,Brentford,3-1,-
-,-,Preston North End,Brentford,4-2,-
-,-,Reading,Brentford,1-0,-
-,-,Rotherham United,Brentford,2-1,-
-,-,Shrewsbury Town,Brentford,1-0,-
-,-,Swansea City,Brentford,2-1,-
-,-,Tranmere Rovers,Brentford,2-2,-
-,-,Walsall,Brentford,2-1,-
-,-,Wigan Athletic,Brentford,2-1,-
-,-,Birmingham City,Bristol City,0-4,-
-,-,Blackpool,Bristol City,1-3,-
-,-,Bolton Wanderers,Bristol City,1-0,-
-,-,Brentford,Bristol City,0-2,-
-,-,Bristol Rovers,Bristol City,3-0,-
-,-,Bury,Bristol City,1-1,-
-,-,Cardiff City,Bristol City,0-3,-
-,-,Chester,Bristol City,0-3,-
-,-,Crewe Alexandra,Bristol City,0-1,-
-,-,Fulham,Bristol City,0-1,-
-,-,Huddersfield Town,Bristol City,2-1,-
-,-,Leyton Orient,Bristol City,1-1,-
-,-,Mansfield Town,Bristol City,1-0,-
-,-,Northampton Town,Bristol City,2-0,-
-,-,Notts County,Bristol City,0-0,-
-,-,Preston North End,Bristol City,2-2,-
-,-,Reading,Bristol City,1-1,-
-,-,Rotherham United,Bristol City,1-2,-
-,-,Shrewsbury Town,Bristol City,0-1,-
-,-,Swansea City,Bristol City,0-5,-
-,-,Tranmere Rovers,Bristol City,6-0,-
-,-,Walsall,Bristol City,0-2,-
-,-,Wigan Athletic,Bristol City,2-3,-
-,-,Birmingham City,Bristol Rovers,2-2,-
-,-,Blackpool,Bristol Rovers,0-3,-
-,-,Bolton Wanderers,Bristol Rovers,1-0,-
-,-,Brentford,Bristol Rovers,2-1,-
-,-,Bristol City,Bristol Rovers,0-0,-
-,-,Bury,Bristol Rovers,0-0,-
-,-,Cardiff City,Bristol Rovers,1-1,-
-,-,Chester,Bristol Rovers,0-0,-
-,-,Crewe Alexandra,Bristol Rovers,1-0,-
-,-,Fulham,Bristol Rovers,1-2,-
-,-,Huddersfield Town,Bristol Rovers,1-1,-
-,-,Leyton Orient,Bristol Rovers,0-1,-
-,-,Mansfield Town,Bristol Rovers,0-1,-
-,-,Northampton Town,Bristol Rovers,1-2,-
-,-,Notts County,Bristol Rovers,3-1,-
-,-,Preston North End,Bristol Rovers,0-1,-
-,-,Reading,Bristol Rovers,0-1,-
-,-,Rotherham United,Bristol Rovers,3-2,-
-,-,Shrewsbury Town,Bristol Rovers,2-3,-
-,-,Swansea City,Bristol Rovers,0-0,-
-,-,Tranmere Rovers,Bristol Rovers,1-2,-
-,-,Walsall,Bristol Rovers,1-2,-
-,-,Wigan Athletic,Bristol Rovers,1-2,-
-,-,Birmingham City,Bury,0-0,-
-,-,Blackpool,Bury,0-1,-
-,-,Bolton Wanderers,Bury,3-1,-
-,-,Brentford,Bury,0-1,-
-,-,Bristol City,Bury,1-0,-
-,-,Bristol Rovers,Bury,2-1,-
-,-,Cardiff City,Bury,3-1,-
-,-,Chester,Bury,1-4,-
-,-,Crewe Alexandra,Bury,2-1,-
-,-,Fulham,Bury,2-2,-
-,-,Huddersfield Town,Bury,2-1,-
-,-,Leyton Orient,Bury,2-3,-
-,-,Mansfield Town,Bury,1-0,-
-,-,Northampton Town,Bury,0-1,-
-,-,Notts County,Bury,0-4,-
-,-,Preston North End,Bury,2-3,-
-,-,Reading,Bury,1-0,-
-,-,Rotherham United,Bury,1-3,-
-,-,Shrewsbury Town,Bury,3-1,-
-,-,Swansea City,Bury,0-1,-
-,-,Tranmere Rovers,Bury,2-4,-
-,-,Walsall,Bury,2-2,-
-,-,Wigan Athletic,Bury,0-0,-
-,-,Birmingham City,Cardiff City,1-1,-
-,-,Blackpool,Cardiff City,1-0,-
-,-,Bolton Wanderers,Cardiff City,3-1,-
-,-,Brentford,Cardiff City,0-1,-
-,-,Bristol City,Cardiff City,1-0,-
-,-,Bristol Rovers,Cardiff City,2-1,-
-,-,Bury,Cardiff City,2-0,-
-,-,Chester,Cardiff City,1-0,-
-,-,Crewe Alexandra,Cardiff City,1-1,-
-,-,Fulham,Cardiff City,2-5,-
-,-,Huddersfield Town,Cardiff City,2-3,-
-,-,Leyton Orient,Cardiff City,3-1,-
-,-,Mansfield Town,Cardiff City,1-0,-
-,-,Northampton Town,Cardiff City,1-1,-
-,-,Notts County,Cardiff City,2-1,-
-,-,Preston North End,Cardiff City,4-0,-
-,-,Reading,Cardiff City,0-1,-
-,-,Rotherham United,Cardiff City,4-0,-
-,-,Shrewsbury Town,Cardiff City,0-0,-
-,-,Swansea City,Cardiff City,0-1,-
-,-,Tranmere Rovers,Cardiff City,3-0,-
-,-,Walsall,Cardiff City,0-2,-
-,-,Wigan Athletic,Cardiff City,1-1,-
-,-,Birmingham City,Chester,0-0,-
-,-,Blackpool,Chester,1-3,-
-,-,Bolton Wanderers,Chester,1-0,-
-,-,Brentford,Chester,1-1,-
-,-,Bristol City,Chester,1-0,-
-,-,Bristol Rovers,Chester,2-1,-
-,-,Bury,Chester,1-0,-
-,-,Cardiff City,Chester,1-1,-
-,-,Crewe Alexandra,Chester,0-0,-
-,-,Fulham,Chester,1-0,-
-,-,Huddersfield Town,Chester,4-1,-
-,-,Leyton Orient,Chester,0-3,-
-,-,Mansfield Town,Chester,1-0,-
-,-,Northampton Town,Chester,1-0,-
-,-,Notts County,Chester,0-0,-
-,-,Preston North End,Chester,5-0,-
-,-,Reading,Chester,1-1,-
-,-,Rotherham United,Chester,5-0,-
-,-,Shrewsbury Town,Chester,2-0,-
-,-,Swansea City,Chester,2-1,-
-,-,Tranmere Rovers,Chester,0-0,-
-,-,Walsall,Chester,1-1,-
-,-,Wigan Athletic,Chester,1-0,-
-,-,Birmingham City,Crewe Alexandra,3-0,-
-,-,Blackpool,Crewe Alexandra,1-3,-
-,-,Bolton Wanderers,Crewe Alexandra,0-0,-
-,-,Brentford,Crewe Alexandra,0-2,-
-,-,Bristol City,Crewe Alexandra,4-1,-
-,-,Bristol Rovers,Crewe Alexandra,1-1,-
-,-,Bury,Crewe Alexandra,0-3,-
-,-,Cardiff City,Crewe Alexandra,0-0,-
-,-,Chester,Crewe Alexandra,2-1,-
-,-,Fulham,Crewe Alexandra,1-1,-
-,-,Huddersfield Town,Crewe Alexandra,0-1,-
-,-,Leyton Orient,Crewe Alexandra,2-1,-
-,-,Mansfield Town,Crewe Alexandra,2-1,-
-,-,Northampton Town,Crewe Alexandra,3-1,-
-,-,Notts County,Crewe Alexandra,2-0,-
-,-,Preston North End,Crewe Alexandra,0-0,-
-,-,Reading,Crewe Alexandra,1-1,-
-,-,Rotherham United,Crewe Alexandra,1-3,-
-,-,Shrewsbury Town,Crewe Alexandra,0-0,-
-,-,Swansea City,Crewe Alexandra,3-2,-
-,-,Tranmere Rovers,Crewe Alexandra,1-1,-
-,-,Walsall,Crewe Alexandra,1-1,-
-,-,Wigan Athletic,Crewe Alexandra,1-0,-
-,-,Birmingham City,Fulham,1-1,-
-,-,Blackpool,Fulham,0-1,-
-,-,Bolton Wanderers,Fulham,0-0,-
-,-,Brentford,Fulham,2-0,-
-,-,Bristol City,Fulham,5-1,-
-,-,Bristol Rovers,Fulham,2-0,-
-,-,Bury,Fulham,0-0,-
-,-,Cardiff City,Fulham,3-3,-
-,-,Chester,Fulham,0-2,-
-,-,Crewe Alexandra,Fulham,2-3,-
-,-,Huddersfield Town,Fulham,0-1,-
-,-,Leyton Orient,Fulham,1-1,-
-,-,Mansfield Town,Fulham,3-0,-
-,-,Northampton Town,Fulham,2-2,-
-,-,Notts County,Fulham,2-0,-
-,-,Preston North End,Fulham,1-0,-
-,-,Reading,Fulham,3-2,-
-,-,Rotherham United,Fulham,2-1,-
-,-,Shrewsbury Town,Fulham,2-0,-
-,-,Swansea City,Fulham,4-2,-
-,-,Tranmere Rovers,Fulham,2-1,-
-,-,Walsall,Fulham,0-0,-
-,-,Wigan Athletic,Fulham,2-1,-
-,-,Birmingham City,Huddersfield Town,0-1,-
-,-,Blackpool,Huddersfield Town,2-2,-
-,-,Bolton Wanderers,Huddersfield Town,2-2,-
-,-,Brentford,Huddersfield Town,2-1,-
-,-,Bristol City,Huddersfield Town,1-1,-
-,-,Bristol Rovers,Huddersfield Town,2-2,-
-,-,Bury,Huddersfield Town,6-0,-
-,-,Cardiff City,Huddersfield Town,1-5,-
-,-,Chester,Huddersfield Town,2-1,-
-,-,Crewe Alexandra,Huddersfield Town,3-0,-
-,-,Fulham,Huddersfield Town,0-0,-
-,-,Leyton Orient,Huddersfield Town,1-0,-
-,-,Mansfield Town,Huddersfield Town,1-2,-
-,-,Northampton Town,Huddersfield Town,1-0,-
-,-,Notts County,Huddersfield Town,1-0,-
-,-,Preston North End,Huddersfield Town,3-3,-
-,-,Reading,Huddersfield Town,0-0,-
-,-,Rotherham United,Huddersfield Town,0-0,-
-,-,Shrewsbury Town,Huddersfield Town,3-3,-
-,-,Swansea City,Huddersfield Town,1-3,-
-,-,Tranmere Rovers,Huddersfield Town,4-0,-
-,-,Walsall,Huddersfield Town,2-3,-
-,-,Wigan Athletic,Huddersfield Town,1-2,-
-,-,Birmingham City,Leyton Orient,0-0,-
-,-,Blackpool,Leyton Orient,1-0,-
-,-,Bolton Wanderers,Leyton Orient,2-1,-
-,-,Brentford,Leyton Orient,4-3,-
-,-,Bristol City,Leyton Orient,2-1,-
-,-,Bristol Rovers,Leyton Orient,0-0,-
-,-,Bury,Leyton Orient,2-0,-
-,-,Cardiff City,Leyton Orient,1-1,-
-,-,Chester,Leyton Orient,1-0,-
-,-,Crewe Alexandra,Leyton Orient,0-1,-
-,-,Fulham,Leyton Orient,1-2,-
-,-,Huddersfield Town,Leyton Orient,2-0,-
-,-,Mansfield Town,Leyton Orient,1-0,-
-,-,Northampton Town,Leyton Orient,0-1,-
-,-,Notts County,Leyton Orient,1-0,-
-,-,Preston North End,Leyton Orient,0-3,-
-,-,Reading,Leyton Orient,1-1,-
-,-,Rotherham United,Leyton Orient,5-2,-
-,-,Shrewsbury Town,Leyton Orient,4-2,-
-,-,Swansea City,Leyton Orient,0-1,-
-,-,Tranmere Rovers,Leyton Orient,3-0,-
-,-,Walsall,Leyton Orient,1-3,-
-,-,Wigan Athletic,Leyton Orient,0-2,-
-,-,Birmingham City,Mansfield Town,4-1,-
-,-,Blackpool,Mansfield Town,3-1,-
-,-,Bolton Wanderers,Mansfield Town,1-1,-
-,-,Brentford,Mansfield Town,2-1,-
-,-,Bristol City,Mansfield Town,1-1,-
-,-,Bristol Rovers,Mansfield Town,1-1,-
-,-,Bury,Mansfield Town,3-0,-
-,-,Cardiff City,Mansfield Town,1-0,-
-,-,Chester,Mansfield Town,0-2,-
-,-,Crewe Alexandra,Mansfield Town,2-1,-
-,-,Fulham,Mansfield Town,1-0,-
-,-,Huddersfield Town,Mansfield Town,1-0,-
-,-,Leyton Orient,Mansfield Town,3-1,-
-,-,Northampton Town,Mansfield Town,1-2,-
-,-,Notts County,Mansfield Town,4-2,-
-,-,Preston North End,Mansfield Town,4-0,-
-,-,Reading,Mansfield Town,1-0,-
-,-,Rotherham United,Mansfield Town,0-0,-
-,-,Shrewsbury Town,Mansfield Town,0-1,-
-,-,Swansea City,Mansfield Town,1-0,-
-,-,Tranmere Rovers,Mansfield Town,1-1,-
-,-,Walsall,Mansfield Town,1-0,-
-,-,Wigan Athletic,Mansfield Town,4-0,-
-,-,Birmingham City,Northampton Town,4-0,-
-,-,Blackpool,Northampton Town,1-0,-
-,-,Bolton Wanderers,Northampton Town,0-3,-
-,-,Brentford,Northampton Town,3-2,-
-,-,Bristol City,Northampton Town,3-1,-
-,-,Bristol Rovers,Northampton Town,4-2,-
-,-,Bury,Northampton Town,1-0,-
-,-,Cardiff City,Northampton Town,2-3,-
-,-,Chester,Northampton Town,0-1,-
-,-,Crewe Alexandra,Northampton Town,2-1,-
-,-,Fulham,Northampton Town,1-1,-
-,-,Huddersfield Town,Northampton Town,2-2,-
-,-,Leyton Orient,Northampton Town,1-1,-
-,-,Mansfield Town,Northampton Town,1-2,-
-,-,Notts County,Northampton Town,3-2,-
-,-,Preston North End,Northampton Town,0-0,-
-,-,Reading,Northampton Town,3-2,-
-,-,Rotherham United,Northampton Town,2-0,-
-,-,Shrewsbury Town,Northampton Town,2-0,-
-,-,Swansea City,Northampton Town,1-1,-
-,-,Tranmere Rovers,Northampton Town,0-0,-
-,-,Walsall,Northampton Town,1-0,-
-,-,Wigan Athletic,Northampton Town,0-0,-
-,-,Birmingham City,Notts County,1-2,-
-,-,Blackpool,Notts County,0-0,-
-,-,Bolton Wanderers,Notts County,3-0,-
-,-,Brentford,Notts County,0-1,-
-,-,Bristol City,Notts County,2-0,-
-,-,Bristol Rovers,Notts County,3-2,-
-,-,Bury,Notts County,3-2,-
-,-,Cardiff City,Notts County,1-3,-
-,-,Chester,Notts County,3-3,-
-,-,Crewe Alexandra,Notts County,1-0,-
-,-,Fulham,Notts County,5-2,-
-,-,Huddersfield Town,Notts County,1-2,-
-,-,Leyton Orient,Notts County,0-1,-
-,-,Mansfield Town,Notts County,1-3,-
-,-,Northampton Town,Notts County,0-0,-
-,-,Preston North End,Notts County,2-4,-
-,-,Reading,Notts County,1-1,-
-,-,Rotherham United,Notts County,1-2,-
-,-,Shrewsbury Town,Notts County,2-2,-
-,-,Swansea City,Notts County,0-0,-
-,-,Tranmere Rovers,Notts County,2-0,-
-,-,Walsall,Notts County,2-2,-
-,-,Wigan Athletic,Notts County,1-1,-
-,-,Birmingham City,Preston North End,3-1,-
-,-,Blackpool,Preston North End,2-2,-
-,-,Bolton Wanderers,Preston North End,2-1,-
-,-,Brentford,Preston North End,2-2,-
-,-,Bristol City,Preston North End,2-1,-
-,-,Bristol Rovers,Preston North End,3-0,-
-,-,Bury,Preston North End,1-2,-
-,-,Cardiff City,Preston North End,3-0,-
-,-,Chester,Preston North End,3-1,-
-,-,Crewe Alexandra,Preston North End,1-0,-
-,-,Fulham,Preston North End,3-1,-
-,-,Huddersfield Town,Preston North End,0-2,-
-,-,Leyton Orient,Preston North End,3-1,-
-,-,Mansfield Town,Preston North End,2-2,-
-,-,Northampton Town,Preston North End,1-2,-
-,-,Notts County,Preston North End,2-1,-
-,-,Reading,Preston North End,6-0,-
-,-,Rotherham United,Preston North End,3-1,-
-,-,Shrewsbury Town,Preston North End,2-0,-
-,-,Swansea City,Preston North End,2-1,-
-,-,Tranmere Rovers,Preston North End,2-1,-
-,-,Walsall,Preston North End,1-0,-
-,-,Wigan Athletic,Preston North End,0-1,-
-,-,Birmingham City,Reading,0-1,-
-,-,Blackpool,Reading,0-0,-
-,-,Bolton Wanderers,Reading,3-0,-
-,-,Brentford,Reading,1-1,-
-,-,Bristol City,Reading,0-1,-
-,-,Bristol Rovers,Reading,0-0,-
-,-,Bury,Reading,4-0,-
-,-,Cardiff City,Reading,3-2,-
-,-,Chester,Reading,1-1,-
-,-,Crewe Alexandra,Reading,1-1,-
-,-,Fulham,Reading,1-2,-
-,-,Huddersfield Town,Reading,0-1,-
-,-,Leyton Orient,Reading,4-1,-
-,-,Mansfield Town,Reading,1-1,-
-,-,Northampton Town,Reading,2-1,-
-,-,Notts County,Reading,0-0,-
-,-,Preston North End,Reading,1-0,-
-,-,Rotherham United,Reading,1-1,-
-,-,Shrewsbury Town,Reading,1-1,-
-,-,Swansea City,Reading,1-6,-
-,-,Tranmere Rovers,Reading,3-1,-
-,-,Walsall,Reading,1-1,-
-,-,Wigan Athletic,Reading,3-1,-
-,-,Birmingham City,Rotherham United,4-1,-
-,-,Blackpool,Rotherham United,1-2,-
-,-,Bolton Wanderers,Rotherham United,0-2,-
-,-,Brentford,Rotherham United,4-2,-
-,-,Bristol City,Rotherham United,0-0,-
-,-,Bristol Rovers,Rotherham United,2-0,-
-,-,Bury,Rotherham United,1-1,-
-,-,Cardiff City,Rotherham United,2-0,-
-,-,Chester,Rotherham United,2-0,-
-,-,Crewe Alexandra,Rotherham United,0-0,-
-,-,Fulham,Rotherham United,1-1,-
-,-,Huddersfield Town,Rotherham United,2-1,-
-,-,Leyton Orient,Rotherham United,1-1,-
-,-,Mansfield Town,Rotherham United,3-1,-
-,-,Northampton Town,Rotherham United,1-2,-
-,-,Notts County,Rotherham United,2-0,-
-,-,Preston North End,Rotherham United,0-1,-
-,-,Reading,Rotherham United,3-2,-
-,-,Shrewsbury Town,Rotherham United,1-1,-
-,-,Swansea City,Rotherham United,1-0,-
-,-,Tranmere Rovers,Rotherham United,2-1,-
-,-,Walsall,Rotherham United,1-1,-
-,-,Wigan Athletic,Rotherham United,0-3,-
-,-,Birmingham City,Shrewsbury Town,0-1,-
-,-,Blackpool,Shrewsbury Town,0-1,-
-,-,Bolton Wanderers,Shrewsbury Town,0-1,-
-,-,Brentford,Shrewsbury Town,1-1,-
-,-,Bristol City,Shrewsbury Town,2-1,-
-,-,Bristol Rovers,Shrewsbury Town,1-0,-
-,-,Bury,Shrewsbury Town,0-0,-
-,-,Cardiff City,Shrewsbury Town,0-1,-
-,-,Chester,Shrewsbury Town,1-0,-
-,-,Crewe Alexandra,Shrewsbury Town,1-1,-
-,-,Fulham,Shrewsbury Town,2-1,-
-,-,Huddersfield Town,Shrewsbury Town,1-1,-
-,-,Leyton Orient,Shrewsbury Town,1-0,-
-,-,Mansfield Town,Shrewsbury Town,2-1,-
-,-,Northampton Town,Shrewsbury Town,2-1,-
-,-,Notts County,Shrewsbury Town,4-0,-
-,-,Preston North End,Shrewsbury Town,2-1,-
-,-,Reading,Shrewsbury Town,3-3,-
-,-,Rotherham United,Shrewsbury Town,4-2,-
-,-,Swansea City,Shrewsbury Town,0-1,-
-,-,Tranmere Rovers,Shrewsbury Town,3-1,-
-,-,Walsall,Shrewsbury Town,0-2,-
-,-,Wigan Athletic,Shrewsbury Town,0-0,-
-,-,Birmingham City,Swansea City,2-0,-
-,-,Blackpool,Swansea City,2-2,-
-,-,Bolton Wanderers,Swansea City,0-0,-
-,-,Brentford,Swansea City,2-1,-
-,-,Bristol City,Swansea City,1-3,-
-,-,Bristol Rovers,Swansea City,2-0,-
-,-,Bury,Swansea City,3-2,-
-,-,Cardiff City,Swansea City,0-2,-
-,-,Chester,Swansea City,1-0,-
-,-,Crewe Alexandra,Swansea City,1-1,-
-,-,Fulham,Swansea City,2-0,-
-,-,Huddersfield Town,Swansea City,1-0,-
-,-,Leyton Orient,Swansea City,0-2,-
-,-,Mansfield Town,Swansea City,4-0,-
-,-,Northampton Town,Swansea City,1-1,-
-,-,Notts County,Swansea City,2-1,-
-,-,Preston North End,Swansea City,2-0,-
-,-,Reading,Swansea City,1-1,-
-,-,Rotherham United,Swansea City,3-2,-
-,-,Shrewsbury Town,Swansea City,1-1,-
-,-,Tranmere Rovers,Swansea City,3-0,-
-,-,Walsall,Swansea City,0-1,-
-,-,Wigan Athletic,Swansea City,2-0,-
-,-,Birmingham City,Tranmere Rovers,2-1,-
-,-,Blackpool,Tranmere Rovers,0-3,-
-,-,Bolton Wanderers,Tranmere Rovers,1-1,-
-,-,Brentford,Tranmere Rovers,2-4,-
-,-,Bristol City,Tranmere Rovers,1-3,-
-,-,Bristol Rovers,Tranmere Rovers,2-0,-
-,-,Bury,Tranmere Rovers,1-2,-
-,-,Cardiff City,Tranmere Rovers,0-0,-
-,-,Chester,Tranmere Rovers,2-2,-
-,-,Crewe Alexandra,Tranmere Rovers,2-2,-
-,-,Fulham,Tranmere Rovers,1-2,-
-,-,Huddersfield Town,Tranmere Rovers,1-0,-
-,-,Leyton Orient,Tranmere Rovers,0-1,-
-,-,Mansfield Town,Tranmere Rovers,1-0,-
-,-,Northampton Town,Tranmere Rovers,0-4,-
-,-,Notts County,Tranmere Rovers,1-0,-
-,-,Preston North End,Tranmere Rovers,2-2,-
-,-,Reading,Tranmere Rovers,1-0,-
-,-,Rotherham United,Tranmere Rovers,0-0,-
-,-,Shrewsbury Town,Tranmere Rovers,3-1,-
-,-,Swansea City,Tranmere Rovers,1-0,-
-,-,Walsall,Tranmere Rovers,2-1,-
-,-,Wigan Athletic,Tranmere Rovers,1-3,-
-,-,Birmingham City,Walsall,2-0,-
-,-,Blackpool,Walsall,4-3,-
-,-,Bolton Wanderers,Walsall,1-1,-
-,-,Brentford,Walsall,4-0,-
-,-,Bristol City,Walsall,4-0,-
-,-,Bristol Rovers,Walsall,2-0,-
-,-,Bury,Walsall,0-2,-
-,-,Cardiff City,Walsall,3-1,-
-,-,Chester,Walsall,1-1,-
-,-,Crewe Alexandra,Walsall,3-1,-
-,-,Fulham,Walsall,0-0,-
-,-,Huddersfield Town,Walsall,1-0,-
-,-,Leyton Orient,Walsall,1-1,-
-,-,Mansfield Town,Walsall,0-2,-
-,-,Northampton Town,Walsall,1-1,-
-,-,Notts County,Walsall,2-0,-
-,-,Preston North End,Walsall,2-0,-
-,-,Reading,Walsall,0-1,-
-,-,Rotherham United,Walsall,2-2,-
-,-,Shrewsbury Town,Walsall,2-0,-
-,-,Swansea City,Walsall,2-0,-
-,-,Tranmere Rovers,Walsall,2-1,-
-,-,Wigan Athletic,Walsall,3-0,-
-,-,Birmingham City,Wigan Athletic,0-0,-
-,-,Blackpool,Wigan Athletic,0-0,-
-,-,Bolton Wanderers,Wigan Athletic,3-2,-
-,-,Brentford,Wigan Athletic,3-1,-
-,-,Bristol City,Wigan Athletic,3-0,-
-,-,Bristol Rovers,Wigan Athletic,6-1,-
-,-,Bury,Wigan Athletic,2-2,-
-,-,Cardiff City,Wigan Athletic,1-1,-
-,-,Chester,Wigan Athletic,0-0,-
-,-,Crewe Alexandra,Wigan Athletic,3-2,-
-,-,Fulham,Wigan Athletic,4-0,-
-,-,Huddersfield Town,Wigan Athletic,2-0,-
-,-,Leyton Orient,Wigan Athletic,1-0,-
-,-,Mansfield Town,Wigan Athletic,1-0,-
-,-,Northampton Town,Wigan Athletic,1-1,-
-,-,Notts County,Wigan Athletic,1-1,-
-,-,Preston North End,Wigan Athletic,1-1,-
-,-,Reading,Wigan Athletic,2-0,-
-,-,Rotherham United,Wigan Athletic,1-2,-
-,-,Shrewsbury Town,Wigan Athletic,1-3,-
-,-,Swansea City,Wigan Athletic,3-0,-
-,-,Tranmere Rovers,Wigan Athletic,2-0,-
-,-,Walsall,Wigan Athletic,1-2,-
