Round,Date,Team 1,Team 2,FT,HT
-,-,Aldershot,AFC Bournemouth,2-0,-
-,-,Barnsley,AFC Bournemouth,3-0,-
-,-,Brentford,AFC Bournemouth,1-1,-
-,-,Crewe Alexandra,AFC Bournemouth,3-1,-
-,-,Darlington,AFC Bournemouth,1-0,-
-,-,Doncaster Rovers,AFC Bournemouth,0-0,-
-,-,Grimsby Town,AFC Bournemouth,0-2,-
-,-,Halifax Town,AFC Bournemouth,0-0,-
-,-,Hartlepool United,AFC Bournemouth,0-1,-
-,-,Huddersfield Town,AFC Bournemouth,2-0,-
-,-,Newport County,AFC Bournemouth,3-2,-
-,-,Northampton Town,AFC Bournemouth,1-0,-
-,-,Reading,AFC Bournemouth,0-0,-
-,-,Rochdale,AFC Bournemouth,1-1,-
-,-,Scunthorpe United,AFC Bournemouth,0-0,-
-,-,Southend United,AFC Bournemouth,5-1,-
-,-,Southport,AFC Bournemouth,0-0,-
-,-,Stockport County,AFC Bournemouth,2-1,-
-,-,Swansea City,AFC Bournemouth,1-0,-
-,-,Torquay United,AFC Bournemouth,1-1,-
-,-,Watford,AFC Bournemouth,2-1,-
-,-,Wimbledon,AFC Bournemouth,3-1,-
-,-,York City,AFC Bournemouth,0-0,-
-,-,AFC Bournemouth,Aldershot,0-0,-
-,-,Barnsley,Aldershot,2-0,-
-,-,Brentford,Aldershot,2-0,-
-,-,Crewe Alexandra,Aldershot,0-2,-
-,-,Darlington,Aldershot,1-1,-
-,-,Doncaster Rovers,Aldershot,4-3,-
-,-,Grimsby Town,Aldershot,1-0,-
-,-,Halifax Town,Aldershot,2-1,-
-,-,Hartlepool United,Aldershot,2-2,-
-,-,Huddersfield Town,Aldershot,1-1,-
-,-,Newport County,Aldershot,2-1,-
-,-,Northampton Town,Aldershot,1-1,-
-,-,Reading,Aldershot,1-0,-
-,-,Rochdale,Aldershot,0-0,-
-,-,Scunthorpe United,Aldershot,1-1,-
-,-,Southend United,Aldershot,3-1,-
-,-,Southport,Aldershot,1-1,-
-,-,Stockport County,Aldershot,2-1,-
-,-,Swansea City,Aldershot,1-0,-
-,-,Torquay United,Aldershot,1-2,-
-,-,Watford,Aldershot,1-0,-
-,-,Wimbledon,Aldershot,1-2,-
-,-,York City,Aldershot,1-2,-
-,-,AFC Bournemouth,Barnsley,2-2,-
-,-,Aldershot,Barnsley,0-0,-
-,-,Brentford,Barnsley,2-0,-
-,-,Crewe Alexandra,Barnsley,2-1,-
-,-,Darlington,Barnsley,0-2,-
-,-,Doncaster Rovers,Barnsley,2-1,-
-,-,Grimsby Town,Barnsley,1-0,-
-,-,Halifax Town,Barnsley,1-1,-
-,-,Hartlepool United,Barnsley,1-2,-
-,-,Huddersfield Town,Barnsley,2-0,-
-,-,Newport County,Barnsley,3-1,-
-,-,Northampton Town,Barnsley,1-1,-
-,-,Reading,Barnsley,0-0,-
-,-,Rochdale,Barnsley,1-1,-
-,-,Scunthorpe United,Barnsley,1-0,-
-,-,Southend United,Barnsley,0-0,-
-,-,Southport,Barnsley,1-1,-
-,-,Stockport County,Barnsley,3-0,-
-,-,Swansea City,Barnsley,2-1,-
-,-,Torquay United,Barnsley,3-1,-
-,-,Watford,Barnsley,0-0,-
-,-,Wimbledon,Barnsley,0-0,-
-,-,York City,Barnsley,1-2,-
-,-,AFC Bournemouth,Brentford,3-2,-
-,-,Aldershot,Brentford,1-0,-
-,-,Barnsley,Brentford,0-0,-
-,-,Crewe Alexandra,Brentford,4-6,-
-,-,Darlington,Brentford,1-3,-
-,-,Doncaster Rovers,Brentford,3-1,-
-,-,Grimsby Town,Brentford,2-1,-
-,-,Halifax Town,Brentford,1-1,-
-,-,Hartlepool United,Brentford,3-1,-
-,-,Huddersfield Town,Brentford,1-3,-
-,-,Newport County,Brentford,1-2,-
-,-,Northampton Town,Brentford,2-2,-
-,-,Reading,Brentford,0-0,-
-,-,Rochdale,Brentford,1-2,-
-,-,Scunthorpe United,Brentford,1-1,-
-,-,Southend United,Brentford,2-1,-
-,-,Southport,Brentford,1-3,-
-,-,Stockport County,Brentford,1-1,-
-,-,Swansea City,Brentford,2-1,-
-,-,Torquay United,Brentford,2-1,-
-,-,Watford,Brentford,1-1,-
-,-,Wimbledon,Brentford,1-1,-
-,-,York City,Brentford,3-2,-
-,-,AFC Bournemouth,Crewe Alexandra,1-0,-
-,-,Aldershot,Crewe Alexandra,2-0,-
-,-,Barnsley,Crewe Alexandra,4-0,-
-,-,Brentford,Crewe Alexandra,5-1,-
-,-,Darlington,Crewe Alexandra,2-0,-
-,-,Doncaster Rovers,Crewe Alexandra,2-0,-
-,-,Grimsby Town,Crewe Alexandra,2-2,-
-,-,Halifax Town,Crewe Alexandra,1-1,-
-,-,Hartlepool United,Crewe Alexandra,1-1,-
-,-,Huddersfield Town,Crewe Alexandra,3-0,-
-,-,Newport County,Crewe Alexandra,1-0,-
-,-,Northampton Town,Crewe Alexandra,0-0,-
-,-,Reading,Crewe Alexandra,2-0,-
-,-,Rochdale,Crewe Alexandra,0-2,-
-,-,Scunthorpe United,Crewe Alexandra,3-0,-
-,-,Southend United,Crewe Alexandra,1-0,-
-,-,Southport,Crewe Alexandra,1-2,-
-,-,Stockport County,Crewe Alexandra,1-2,-
-,-,Swansea City,Crewe Alexandra,5-0,-
-,-,Torquay United,Crewe Alexandra,1-2,-
-,-,Watford,Crewe Alexandra,5-2,-
-,-,Wimbledon,Crewe Alexandra,0-0,-
-,-,York City,Crewe Alexandra,1-1,-
-,-,AFC Bournemouth,Darlington,2-0,-
-,-,Aldershot,Darlington,3-2,-
-,-,Barnsley,Darlington,2-1,-
-,-,Brentford,Darlington,2-0,-
-,-,Crewe Alexandra,Darlington,2-2,-
-,-,Doncaster Rovers,Darlington,1-2,-
-,-,Grimsby Town,Darlington,2-0,-
-,-,Halifax Town,Darlington,0-2,-
-,-,Hartlepool United,Darlington,2-1,-
-,-,Huddersfield Town,Darlington,2-1,-
-,-,Newport County,Darlington,1-1,-
-,-,Northampton Town,Darlington,2-2,-
-,-,Reading,Darlington,2-1,-
-,-,Rochdale,Darlington,2-0,-
-,-,Scunthorpe United,Darlington,3-0,-
-,-,Southend United,Darlington,2-0,-
-,-,Southport,Darlington,1-0,-
-,-,Stockport County,Darlington,1-0,-
-,-,Swansea City,Darlington,1-2,-
-,-,Torquay United,Darlington,0-0,-
-,-,Watford,Darlington,2-1,-
-,-,Wimbledon,Darlington,1-1,-
-,-,York City,Darlington,1-2,-
-,-,AFC Bournemouth,Doncaster Rovers,0-1,-
-,-,Aldershot,Doncaster Rovers,1-0,-
-,-,Barnsley,Doncaster Rovers,0-0,-
-,-,Brentford,Doncaster Rovers,2-2,-
-,-,Crewe Alexandra,Doncaster Rovers,2-0,-
-,-,Darlington,Doncaster Rovers,1-1,-
-,-,Grimsby Town,Doncaster Rovers,0-0,-
-,-,Halifax Town,Doncaster Rovers,0-1,-
-,-,Hartlepool United,Doncaster Rovers,0-2,-
-,-,Huddersfield Town,Doncaster Rovers,4-1,-
-,-,Newport County,Doncaster Rovers,1-0,-
-,-,Northampton Town,Doncaster Rovers,0-0,-
-,-,Reading,Doncaster Rovers,3-0,-
-,-,Rochdale,Doncaster Rovers,3-1,-
-,-,Scunthorpe United,Doncaster Rovers,0-0,-
-,-,Southend United,Doncaster Rovers,4-0,-
-,-,Southport,Doncaster Rovers,1-1,-
-,-,Stockport County,Doncaster Rovers,1-1,-
-,-,Swansea City,Doncaster Rovers,3-0,-
-,-,Torquay United,Doncaster Rovers,2-0,-
-,-,Watford,Doncaster Rovers,6-0,-
-,-,Wimbledon,Doncaster Rovers,3-3,-
-,-,York City,Doncaster Rovers,2-1,-
-,-,AFC Bournemouth,Grimsby Town,1-0,-
-,-,Aldershot,Grimsby Town,4-2,-
-,-,Barnsley,Grimsby Town,1-2,-
-,-,Brentford,Grimsby Town,3-1,-
-,-,Crewe Alexandra,Grimsby Town,0-2,-
-,-,Darlington,Grimsby Town,1-2,-
-,-,Doncaster Rovers,Grimsby Town,0-1,-
-,-,Halifax Town,Grimsby Town,0-0,-
-,-,Hartlepool United,Grimsby Town,3-1,-
-,-,Huddersfield Town,Grimsby Town,1-3,-
-,-,Newport County,Grimsby Town,3-0,-
-,-,Northampton Town,Grimsby Town,2-1,-
-,-,Reading,Grimsby Town,0-0,-
-,-,Rochdale,Grimsby Town,1-3,-
-,-,Scunthorpe United,Grimsby Town,2-1,-
-,-,Southend United,Grimsby Town,1-1,-
-,-,Southport,Grimsby Town,2-2,-
-,-,Stockport County,Grimsby Town,2-0,-
-,-,Swansea City,Grimsby Town,2-0,-
-,-,Torquay United,Grimsby Town,3-1,-
-,-,Watford,Grimsby Town,1-0,-
-,-,Wimbledon,Grimsby Town,2-2,-
-,-,York City,Grimsby Town,1-2,-
-,-,AFC Bournemouth,Halifax Town,0-0,-
-,-,Aldershot,Halifax Town,0-0,-
-,-,Barnsley,Halifax Town,3-2,-
-,-,Brentford,Halifax Town,4-1,-
-,-,Crewe Alexandra,Halifax Town,0-0,-
-,-,Darlington,Halifax Town,2-1,-
-,-,Doncaster Rovers,Halifax Town,1-1,-
-,-,Grimsby Town,Halifax Town,0-0,-
-,-,Hartlepool United,Halifax Town,1-1,-
-,-,Huddersfield Town,Halifax Town,2-2,-
-,-,Newport County,Halifax Town,2-0,-
-,-,Northampton Town,Halifax Town,1-2,-
-,-,Reading,Halifax Town,2-1,-
-,-,Rochdale,Halifax Town,3-1,-
-,-,Scunthorpe United,Halifax Town,2-0,-
-,-,Southend United,Halifax Town,5-0,-
-,-,Southport,Halifax Town,1-2,-
-,-,Stockport County,Halifax Town,1-3,-
-,-,Swansea City,Halifax Town,2-0,-
-,-,Torquay United,Halifax Town,2-2,-
-,-,Watford,Halifax Town,1-1,-
-,-,Wimbledon,Halifax Town,3-3,-
-,-,York City,Halifax Town,1-1,-
-,-,AFC Bournemouth,Hartlepool United,1-0,-
-,-,Aldershot,Hartlepool United,3-0,-
-,-,Barnsley,Hartlepool United,3-2,-
-,-,Brentford,Hartlepool United,2-0,-
-,-,Crewe Alexandra,Hartlepool United,1-0,-
-,-,Darlington,Hartlepool United,1-2,-
-,-,Doncaster Rovers,Hartlepool United,2-0,-
-,-,Grimsby Town,Hartlepool United,2-1,-
-,-,Halifax Town,Hartlepool United,3-0,-
-,-,Huddersfield Town,Hartlepool United,3-1,-
-,-,Newport County,Hartlepool United,4-2,-
-,-,Northampton Town,Hartlepool United,5-3,-
-,-,Reading,Hartlepool United,2-3,-
-,-,Rochdale,Hartlepool United,0-1,-
-,-,Scunthorpe United,Hartlepool United,2-0,-
-,-,Southend United,Hartlepool United,1-1,-
-,-,Southport,Hartlepool United,1-1,-
-,-,Stockport County,Hartlepool United,6-0,-
-,-,Swansea City,Hartlepool United,8-0,-
-,-,Torquay United,Hartlepool United,0-0,-
-,-,Watford,Hartlepool United,1-0,-
-,-,Wimbledon,Hartlepool United,3-0,-
-,-,York City,Hartlepool United,1-0,-
-,-,AFC Bournemouth,Huddersfield Town,1-0,-
-,-,Aldershot,Huddersfield Town,3-3,-
-,-,Barnsley,Huddersfield Town,1-1,-
-,-,Brentford,Huddersfield Town,1-1,-
-,-,Crewe Alexandra,Huddersfield Town,1-1,-
-,-,Darlington,Huddersfield Town,2-2,-
-,-,Doncaster Rovers,Huddersfield Town,4-3,-
-,-,Grimsby Town,Huddersfield Town,1-0,-
-,-,Halifax Town,Huddersfield Town,0-0,-
-,-,Hartlepool United,Huddersfield Town,3-2,-
-,-,Newport County,Huddersfield Town,2-0,-
-,-,Northampton Town,Huddersfield Town,3-1,-
-,-,Reading,Huddersfield Town,1-0,-
-,-,Rochdale,Huddersfield Town,0-0,-
-,-,Scunthorpe United,Huddersfield Town,1-1,-
-,-,Southend United,Huddersfield Town,1-3,-
-,-,Southport,Huddersfield Town,1-1,-
-,-,Stockport County,Huddersfield Town,0-1,-
-,-,Swansea City,Huddersfield Town,1-0,-
-,-,Torquay United,Huddersfield Town,2-1,-
-,-,Watford,Huddersfield Town,2-0,-
-,-,Wimbledon,Huddersfield Town,2-0,-
-,-,York City,Huddersfield Town,1-1,-
-,-,AFC Bournemouth,Newport County,4-2,-
-,-,Aldershot,Newport County,2-2,-
-,-,Barnsley,Newport County,1-0,-
-,-,Brentford,Newport County,3-3,-
-,-,Crewe Alexandra,Newport County,2-0,-
-,-,Darlington,Newport County,2-1,-
-,-,Doncaster Rovers,Newport County,2-2,-
-,-,Grimsby Town,Newport County,1-0,-
-,-,Halifax Town,Newport County,3-1,-
-,-,Hartlepool United,Newport County,1-1,-
-,-,Huddersfield Town,Newport County,2-0,-
-,-,Northampton Town,Newport County,2-4,-
-,-,Reading,Newport County,2-0,-
-,-,Rochdale,Newport County,0-1,-
-,-,Scunthorpe United,Newport County,2-0,-
-,-,Southend United,Newport County,4-2,-
-,-,Southport,Newport County,3-3,-
-,-,Stockport County,Newport County,2-0,-
-,-,Swansea City,Newport County,4-0,-
-,-,Torquay United,Newport County,2-0,-
-,-,Watford,Newport County,2-0,-
-,-,Wimbledon,Newport County,3-0,-
-,-,York City,Newport County,2-0,-
-,-,AFC Bournemouth,Northampton Town,1-1,-
-,-,Aldershot,Northampton Town,2-1,-
-,-,Barnsley,Northampton Town,2-3,-
-,-,Brentford,Northampton Town,3-0,-
-,-,Crewe Alexandra,Northampton Town,3-2,-
-,-,Darlington,Northampton Town,2-0,-
-,-,Doncaster Rovers,Northampton Town,4-2,-
-,-,Grimsby Town,Northampton Town,0-1,-
-,-,Halifax Town,Northampton Town,0-1,-
-,-,Hartlepool United,Northampton Town,0-2,-
-,-,Huddersfield Town,Northampton Town,0-1,-
-,-,Newport County,Northampton Town,5-3,-
-,-,Reading,Northampton Town,0-0,-
-,-,Rochdale,Northampton Town,1-1,-
-,-,Scunthorpe United,Northampton Town,2-2,-
-,-,Southend United,Northampton Town,0-0,-
-,-,Southport,Northampton Town,3-1,-
-,-,Stockport County,Northampton Town,1-2,-
-,-,Swansea City,Northampton Town,2-4,-
-,-,Torquay United,Northampton Town,2-1,-
-,-,Watford,Northampton Town,3-0,-
-,-,Wimbledon,Northampton Town,2-0,-
-,-,York City,Northampton Town,0-3,-
-,-,AFC Bournemouth,Reading,1-0,-
-,-,Aldershot,Reading,1-1,-
-,-,Barnsley,Reading,4-1,-
-,-,Brentford,Reading,1-1,-
-,-,Crewe Alexandra,Reading,1-1,-
-,-,Darlington,Reading,2-0,-
-,-,Doncaster Rovers,Reading,2-2,-
-,-,Grimsby Town,Reading,0-1,-
-,-,Halifax Town,Reading,2-4,-
-,-,Hartlepool United,Reading,2-1,-
-,-,Huddersfield Town,Reading,0-2,-
-,-,Newport County,Reading,0-0,-
-,-,Northampton Town,Reading,0-2,-
-,-,Rochdale,Reading,1-0,-
-,-,Scunthorpe United,Reading,0-1,-
-,-,Southend United,Reading,0-2,-
-,-,Southport,Reading,1-1,-
-,-,Stockport County,Reading,2-0,-
-,-,Swansea City,Reading,2-1,-
-,-,Torquay United,Reading,3-0,-
-,-,Watford,Reading,1-0,-
-,-,Wimbledon,Reading,1-1,-
-,-,York City,Reading,2-0,-
-,-,AFC Bournemouth,Rochdale,1-0,-
-,-,Aldershot,Rochdale,2-0,-
-,-,Barnsley,Rochdale,4-0,-
-,-,Brentford,Rochdale,4-0,-
-,-,Crewe Alexandra,Rochdale,2-1,-
-,-,Darlington,Rochdale,1-0,-
-,-,Doncaster Rovers,Rochdale,1-1,-
-,-,Grimsby Town,Rochdale,2-1,-
-,-,Halifax Town,Rochdale,3-1,-
-,-,Hartlepool United,Rochdale,1-0,-
-,-,Huddersfield Town,Rochdale,3-1,-
-,-,Newport County,Rochdale,3-0,-
-,-,Northampton Town,Rochdale,3-1,-
-,-,Reading,Rochdale,4-3,-
-,-,Scunthorpe United,Rochdale,1-0,-
-,-,Southend United,Rochdale,3-1,-
-,-,Southport,Rochdale,3-1,-
-,-,Stockport County,Rochdale,2-0,-
-,-,Swansea City,Rochdale,3-0,-
-,-,Torquay United,Rochdale,3-0,-
-,-,Watford,Rochdale,1-0,-
-,-,Wimbledon,Rochdale,5-1,-
-,-,York City,Rochdale,2-2,-
-,-,AFC Bournemouth,Scunthorpe United,1-1,-
-,-,Aldershot,Scunthorpe United,4-0,-
-,-,Barnsley,Scunthorpe United,3-0,-
-,-,Brentford,Scunthorpe United,2-0,-
-,-,Crewe Alexandra,Scunthorpe United,1-1,-
-,-,Darlington,Scunthorpe United,1-1,-
-,-,Doncaster Rovers,Scunthorpe United,1-1,-
-,-,Grimsby Town,Scunthorpe United,0-0,-
-,-,Halifax Town,Scunthorpe United,2-2,-
-,-,Hartlepool United,Scunthorpe United,1-0,-
-,-,Huddersfield Town,Scunthorpe United,4-1,-
-,-,Newport County,Scunthorpe United,3-1,-
-,-,Northampton Town,Scunthorpe United,1-2,-
-,-,Reading,Scunthorpe United,1-0,-
-,-,Rochdale,Scunthorpe United,1-1,-
-,-,Southend United,Scunthorpe United,2-0,-
-,-,Southport,Scunthorpe United,1-1,-
-,-,Stockport County,Scunthorpe United,1-1,-
-,-,Swansea City,Scunthorpe United,3-1,-
-,-,Torquay United,Scunthorpe United,4-2,-
-,-,Watford,Scunthorpe United,4-1,-
-,-,Wimbledon,Scunthorpe United,0-0,-
-,-,York City,Scunthorpe United,0-2,-
-,-,AFC Bournemouth,Southend United,0-3,-
-,-,Aldershot,Southend United,3-0,-
-,-,Barnsley,Southend United,1-1,-
-,-,Brentford,Southend United,1-0,-
-,-,Crewe Alexandra,Southend United,0-1,-
-,-,Darlington,Southend United,2-0,-
-,-,Doncaster Rovers,Southend United,2-0,-
-,-,Grimsby Town,Southend United,2-0,-
-,-,Halifax Town,Southend United,0-1,-
-,-,Hartlepool United,Southend United,1-0,-
-,-,Huddersfield Town,Southend United,2-0,-
-,-,Newport County,Southend United,1-2,-
-,-,Northampton Town,Southend United,0-0,-
-,-,Reading,Southend United,0-1,-
-,-,Rochdale,Southend United,1-2,-
-,-,Scunthorpe United,Southend United,1-2,-
-,-,Southport,Southend United,0-0,-
-,-,Stockport County,Southend United,1-0,-
-,-,Swansea City,Southend United,0-0,-
-,-,Torquay United,Southend United,0-1,-
-,-,Watford,Southend United,1-1,-
-,-,Wimbledon,Southend United,1-3,-
-,-,York City,Southend United,1-2,-
-,-,AFC Bournemouth,Southport,3-1,-
-,-,Aldershot,Southport,0-0,-
-,-,Barnsley,Southport,2-1,-
-,-,Brentford,Southport,0-0,-
-,-,Crewe Alexandra,Southport,2-0,-
-,-,Darlington,Southport,3-0,-
-,-,Doncaster Rovers,Southport,2-1,-
-,-,Grimsby Town,Southport,2-0,-
-,-,Halifax Town,Southport,2-1,-
-,-,Hartlepool United,Southport,2-1,-
-,-,Huddersfield Town,Southport,3-1,-
-,-,Newport County,Southport,1-1,-
-,-,Northampton Town,Southport,1-0,-
-,-,Reading,Southport,3-1,-
-,-,Rochdale,Southport,2-1,-
-,-,Scunthorpe United,Southport,0-2,-
-,-,Southend United,Southport,4-2,-
-,-,Stockport County,Southport,2-1,-
-,-,Swansea City,Southport,1-1,-
-,-,Torquay United,Southport,2-2,-
-,-,Watford,Southport,3-2,-
-,-,Wimbledon,Southport,2-2,-
-,-,York City,Southport,2-1,-
-,-,AFC Bournemouth,Stockport County,1-0,-
-,-,Aldershot,Stockport County,2-1,-
-,-,Barnsley,Stockport County,0-1,-
-,-,Brentford,Stockport County,4-0,-
-,-,Crewe Alexandra,Stockport County,1-1,-
-,-,Darlington,Stockport County,2-2,-
-,-,Doncaster Rovers,Stockport County,1-0,-
-,-,Grimsby Town,Stockport County,0-0,-
-,-,Halifax Town,Stockport County,1-1,-
-,-,Hartlepool United,Stockport County,2-0,-
-,-,Huddersfield Town,Stockport County,0-0,-
-,-,Newport County,Stockport County,2-2,-
-,-,Northampton Town,Stockport County,2-1,-
-,-,Reading,Stockport County,2-1,-
-,-,Rochdale,Stockport County,2-1,-
-,-,Scunthorpe United,Stockport County,3-0,-
-,-,Southend United,Stockport County,0-2,-
-,-,Southport,Stockport County,2-0,-
-,-,Swansea City,Stockport County,3-1,-
-,-,Torquay United,Stockport County,2-0,-
-,-,Watford,Stockport County,1-0,-
-,-,Wimbledon,Stockport County,2-0,-
-,-,York City,Stockport County,2-1,-
-,-,AFC Bournemouth,Swansea City,0-1,-
-,-,Aldershot,Swansea City,2-2,-
-,-,Barnsley,Swansea City,0-2,-
-,-,Brentford,Swansea City,0-2,-
-,-,Crewe Alexandra,Swansea City,2-1,-
-,-,Darlington,Swansea City,1-1,-
-,-,Doncaster Rovers,Swansea City,1-1,-
-,-,Grimsby Town,Swansea City,2-1,-
-,-,Halifax Town,Swansea City,3-1,-
-,-,Hartlepool United,Swansea City,0-4,-
-,-,Huddersfield Town,Swansea City,0-0,-
-,-,Newport County,Swansea City,1-0,-
-,-,Northampton Town,Swansea City,3-1,-
-,-,Reading,Swansea City,1-4,-
-,-,Rochdale,Swansea City,2-1,-
-,-,Scunthorpe United,Swansea City,1-0,-
-,-,Southend United,Swansea City,2-1,-
-,-,Southport,Swansea City,0-3,-
-,-,Stockport County,Swansea City,2-0,-
-,-,Torquay United,Swansea City,2-4,-
-,-,Watford,Swansea City,2-1,-
-,-,Wimbledon,Swansea City,1-1,-
-,-,York City,Swansea City,2-1,-
-,-,AFC Bournemouth,Torquay United,1-1,-
-,-,Aldershot,Torquay United,3-0,-
-,-,Barnsley,Torquay United,2-0,-
-,-,Brentford,Torquay United,3-0,-
-,-,Crewe Alexandra,Torquay United,2-0,-
-,-,Darlington,Torquay United,0-0,-
-,-,Doncaster Rovers,Torquay United,1-0,-
-,-,Grimsby Town,Torquay United,3-1,-
-,-,Halifax Town,Torquay United,0-0,-
-,-,Hartlepool United,Torquay United,1-2,-
-,-,Huddersfield Town,Torquay United,1-1,-
-,-,Newport County,Torquay United,0-0,-
-,-,Northampton Town,Torquay United,1-0,-
-,-,Reading,Torquay United,3-3,-
-,-,Rochdale,Torquay United,1-3,-
-,-,Scunthorpe United,Torquay United,0-1,-
-,-,Southend United,Torquay United,4-0,-
-,-,Southport,Torquay United,0-0,-
-,-,Stockport County,Torquay United,3-0,-
-,-,Swansea City,Torquay United,1-1,-
-,-,Watford,Torquay United,1-0,-
-,-,Wimbledon,Torquay United,0-1,-
-,-,York City,Torquay United,0-0,-
-,-,AFC Bournemouth,Watford,1-2,-
-,-,Aldershot,Watford,1-0,-
-,-,Barnsley,Watford,1-0,-
-,-,Brentford,Watford,0-3,-
-,-,Crewe Alexandra,Watford,2-2,-
-,-,Darlington,Watford,0-0,-
-,-,Doncaster Rovers,Watford,0-1,-
-,-,Grimsby Town,Watford,1-1,-
-,-,Halifax Town,Watford,1-1,-
-,-,Hartlepool United,Watford,1-2,-
-,-,Huddersfield Town,Watford,1-0,-
-,-,Newport County,Watford,2-2,-
-,-,Northampton Town,Watford,0-2,-
-,-,Reading,Watford,1-3,-
-,-,Rochdale,Watford,2-3,-
-,-,Scunthorpe United,Watford,0-1,-
-,-,Southend United,Watford,1-0,-
-,-,Southport,Watford,2-2,-
-,-,Stockport County,Watford,1-3,-
-,-,Swansea City,Watford,3-3,-
-,-,Torquay United,Watford,2-3,-
-,-,Wimbledon,Watford,1-3,-
-,-,York City,Watford,0-4,-
-,-,AFC Bournemouth,Wimbledon,1-2,-
-,-,Aldershot,Wimbledon,3-1,-
-,-,Barnsley,Wimbledon,3-2,-
-,-,Brentford,Wimbledon,4-1,-
-,-,Crewe Alexandra,Wimbledon,0-0,-
-,-,Darlington,Wimbledon,3-1,-
-,-,Doncaster Rovers,Wimbledon,0-2,-
-,-,Grimsby Town,Wimbledon,3-1,-
-,-,Halifax Town,Wimbledon,1-2,-
-,-,Hartlepool United,Wimbledon,2-0,-
-,-,Huddersfield Town,Wimbledon,3-0,-
-,-,Newport County,Wimbledon,0-1,-
-,-,Northampton Town,Wimbledon,0-3,-
-,-,Reading,Wimbledon,2-2,-
-,-,Rochdale,Wimbledon,3-0,-
-,-,Scunthorpe United,Wimbledon,3-0,-
-,-,Southend United,Wimbledon,1-0,-
-,-,Southport,Wimbledon,0-5,-
-,-,Stockport County,Wimbledon,2-2,-
-,-,Swansea City,Wimbledon,3-0,-
-,-,Torquay United,Wimbledon,1-1,-
-,-,Watford,Wimbledon,2-0,-
-,-,York City,Wimbledon,1-1,-
-,-,AFC Bournemouth,York City,2-1,-
-,-,Aldershot,York City,1-1,-
-,-,Barnsley,York City,2-1,-
-,-,Brentford,York City,1-0,-
-,-,Crewe Alexandra,York City,1-0,-
-,-,Darlington,York City,0-2,-
-,-,Doncaster Rovers,York City,1-1,-
-,-,Grimsby Town,York City,3-2,-
-,-,Halifax Town,York City,2-0,-
-,-,Hartlepool United,York City,4-2,-
-,-,Huddersfield Town,York City,1-2,-
-,-,Newport County,York City,2-1,-
-,-,Northampton Town,York City,1-1,-
-,-,Reading,York City,1-0,-
-,-,Rochdale,York City,1-2,-
-,-,Scunthorpe United,York City,2-1,-
-,-,Southend United,York City,0-0,-
-,-,Southport,York City,4-1,-
-,-,Stockport County,York City,2-0,-
-,-,Swansea City,York City,1-1,-
-,-,Torquay United,York City,3-0,-
-,-,Watford,York City,1-3,-
-,-,Wimbledon,York City,2-1,-
