Date,Team 1,Team 2,FT,HT
1999-08-07,Arsenal,Leicester,2-1,0-0
1999-08-07,Chelsea,Sunderland,4-0,2-0
1999-08-07,Coventry,Southampton,0-1,0-0
1999-08-07,Leeds,Derby,0-0,0-0
1999-08-07,Middlesbrough,Bradford,0-1,0-0
1999-08-07,Newcastle,Aston Villa,0-1,0-0
1999-08-07,Sheffield Weds,Liverpool,1-2,0-0
1999-08-07,Watford,Wimbledon,2-3,1-2
1999-08-07,West Ham,Tottenham,1-0,1-0
1999-08-08,Everton,Man United,1-1,0-1
1999-08-09,Tottenham,Newcastle,3-1,2-1
1999-08-10,Derby,Arsenal,1-2,1-1
1999-08-10,Sunderland,Watford,2-0,0-0
1999-08-10,Wimbledon,Middlesbrough,2-3,1-2
1999-08-11,Aston Villa,Everton,3-0,1-0
1999-08-11,Leicester,Coventry,1-0,1-0
1999-08-11,Man United,Sheffield Weds,4-0,2-0
1999-08-11,Southampton,Leeds,0-3,0-1
1999-08-14,Bradford,Sheffield Weds,1-1,0-1
1999-08-14,Derby,Middlesbrough,1-3,1-2
1999-08-14,Leicester,Chelsea,2-2,1-0
1999-08-14,Liverpool,Watford,0-1,0-1
1999-08-14,Man United,Leeds,2-0,0-0
1999-08-14,Sunderland,Arsenal,0-0,0-0
1999-08-14,Tottenham,Everton,3-2,1-1
1999-08-14,Wimbledon,Coventry,1-1,0-0
1999-08-15,Southampton,Newcastle,4-2,0-1
1999-08-16,Aston Villa,West Ham,2-2,1-1
1999-08-21,Chelsea,Aston Villa,1-0,0-0
1999-08-21,Coventry,Derby,2-0,1-0
1999-08-21,Everton,Southampton,4-1,2-0
1999-08-21,Leeds,Sunderland,2-1,0-1
1999-08-21,Middlesbrough,Liverpool,1-0,0-0
1999-08-21,Newcastle,Wimbledon,3-3,2-1
1999-08-21,Sheffield Weds,Tottenham,1-2,1-2
1999-08-21,Watford,Bradford,1-0,0-0
1999-08-21,West Ham,Leicester,2-1,1-1
1999-08-22,Arsenal,Man United,1-2,1-0
1999-08-23,Leeds,Liverpool,1-2,1-1
1999-08-24,Middlesbrough,Leicester,0-3,0-2
1999-08-24,Watford,Aston Villa,0-1,0-0
1999-08-25,Arsenal,Bradford,2-0,2-0
1999-08-25,Coventry,Man United,1-2,0-0
1999-08-25,Everton,Wimbledon,4-0,1-0
1999-08-25,Newcastle,Sunderland,1-2,1-0
1999-08-25,Sheffield Weds,Derby,0-2,0-0
1999-08-28,Aston Villa,Middlesbrough,1-0,1-0
1999-08-28,Bradford,West Ham,0-3,0-2
1999-08-28,Derby,Everton,1-0,0-0
1999-08-28,Liverpool,Arsenal,2-0,1-0
1999-08-28,Southampton,Sheffield Weds,2-0,0-0
1999-08-28,Tottenham,Leeds,1-2,1-0
1999-08-28,Wimbledon,Chelsea,0-1,0-0
1999-08-29,Sunderland,Coventry,1-1,0-1
1999-08-30,Leicester,Watford,1-0,1-0
1999-08-30,Man United,Newcastle,5-1,1-1
1999-09-11,Arsenal,Aston Villa,3-1,1-1
1999-09-11,Chelsea,Newcastle,1-0,1-0
1999-09-11,Coventry,Leeds,3-4,2-3
1999-09-11,Liverpool,Man United,2-3,1-3
1999-09-11,Middlesbrough,Southampton,3-2,1-1
1999-09-11,Sheffield Weds,Everton,0-2,0-2
1999-09-11,Sunderland,Leicester,2-0,1-0
1999-09-11,West Ham,Watford,1-0,0-0
1999-09-11,Wimbledon,Derby,2-2,0-1
1999-09-12,Bradford,Tottenham,1-1,0-0
1999-09-18,Aston Villa,Bradford,1-0,0-0
1999-09-18,Derby,Sunderland,0-5,0-2
1999-09-18,Leicester,Liverpool,2-2,1-2
1999-09-18,Man United,Wimbledon,1-1,0-1
1999-09-18,Southampton,Arsenal,0-1,0-0
1999-09-18,Watford,Chelsea,1-0,0-0
1999-09-19,Everton,West Ham,1-0,0-0
1999-09-19,Leeds,Middlesbrough,2-0,1-0
1999-09-19,Newcastle,Sheffield Weds,8-0,4-0
1999-09-19,Tottenham,Coventry,3-2,1-0
1999-09-25,Arsenal,Watford,1-0,0-0
1999-09-25,Coventry,West Ham,1-0,1-0
1999-09-25,Derby,Bradford,0-1,0-0
1999-09-25,Leeds,Newcastle,3-2,2-1
1999-09-25,Leicester,Aston Villa,3-1,1-0
1999-09-25,Man United,Southampton,3-3,2-1
1999-09-25,Middlesbrough,Chelsea,0-1,0-0
1999-09-25,Sunderland,Sheffield Weds,1-0,0-0
1999-09-26,Wimbledon,Tottenham,1-1,0-0
1999-09-27,Liverpool,Everton,0-1,0-1
1999-10-02,Aston Villa,Liverpool,0-0,0-0
1999-10-02,Bradford,Sunderland,0-4,0-1
1999-10-02,Everton,Coventry,1-1,1-1
1999-10-02,Sheffield Weds,Wimbledon,5-1,2-1
1999-10-03,Chelsea,Man United,5-0,2-0
1999-10-03,Newcastle,Middlesbrough,2-1,2-0
1999-10-03,Tottenham,Leicester,2-3,2-1
1999-10-03,Watford,Leeds,1-2,1-1
1999-10-03,West Ham,Arsenal,2-1,1-0
1999-10-04,Southampton,Derby,3-3,2-1
1999-10-16,Arsenal,Everton,4-1,1-1
1999-10-16,Coventry,Newcastle,4-1,3-0
1999-10-16,Derby,Tottenham,0-1,0-1
1999-10-16,Leeds,Sheffield Weds,2-0,0-0
1999-10-16,Leicester,Southampton,2-1,2-0
1999-10-16,Liverpool,Chelsea,1-0,0-0
1999-10-16,Man United,Watford,4-1,3-0
1999-10-16,Wimbledon,Bradford,3-2,2-1
1999-10-17,Middlesbrough,West Ham,2-0,0-0
1999-10-18,Sunderland,Aston Villa,2-1,0-0
1999-10-23,Aston Villa,Wimbledon,1-1,1-1
1999-10-23,Bradford,Leicester,3-1,2-1
1999-10-23,Chelsea,Arsenal,2-3,1-0
1999-10-23,Sheffield Weds,Coventry,0-0,0-0
1999-10-23,Southampton,Liverpool,1-1,1-0
1999-10-23,Tottenham,Man United,3-1,2-1
1999-10-24,Everton,Leeds,4-4,3-2
1999-10-24,Watford,Middlesbrough,1-3,0-2
1999-10-24,West Ham,Sunderland,1-1,0-1
1999-10-25,Newcastle,Derby,2-0,1-0
1999-10-27,Liverpool,West Ham,1-0,1-0
1999-10-30,Arsenal,Newcastle,0-0,0-0
1999-10-30,Derby,Chelsea,3-1,1-1
1999-10-30,Leeds,West Ham,1-0,0-0
1999-10-30,Leicester,Sheffield Weds,3-0,2-0
1999-10-30,Man United,Aston Villa,3-0,2-0
1999-10-30,Middlesbrough,Everton,2-1,1-1
1999-10-30,Wimbledon,Southampton,1-1,0-0
1999-10-31,Coventry,Watford,4-0,2-0
1999-10-31,Sunderland,Tottenham,2-1,2-0
1999-11-01,Liverpool,Bradford,3-1,2-1
1999-11-06,Aston Villa,Southampton,0-1,0-0
1999-11-06,Bradford,Coventry,1-1,1-1
1999-11-06,Liverpool,Derby,2-0,0-0
1999-11-06,Man United,Leicester,2-0,1-0
1999-11-06,Middlesbrough,Sunderland,1-1,0-0
1999-11-06,Sheffield Weds,Watford,2-2,0-1
1999-11-07,Chelsea,West Ham,0-0,0-0
1999-11-07,Newcastle,Everton,1-1,0-0
1999-11-07,Tottenham,Arsenal,2-1,2-1
1999-11-07,Wimbledon,Leeds,2-0,1-0
1999-11-20,Arsenal,Middlesbrough,5-1,2-0
1999-11-20,Derby,Man United,1-2,0-0
1999-11-20,Everton,Chelsea,1-1,1-0
1999-11-20,Leeds,Bradford,2-1,0-0
1999-11-20,Leicester,Wimbledon,2-1,1-1
1999-11-20,Southampton,Tottenham,0-1,0-0
1999-11-20,Sunderland,Liverpool,0-2,0-0
1999-11-20,Watford,Newcastle,1-1,0-0
1999-11-21,West Ham,Sheffield Weds,4-3,1-1
1999-11-22,Coventry,Aston Villa,2-1,1-1
1999-11-27,Coventry,Leicester,0-1,0-0
1999-11-27,Everton,Aston Villa,0-0,0-0
1999-11-27,Middlesbrough,Wimbledon,0-0,0-0
1999-11-27,Watford,Sunderland,2-3,1-2
1999-11-27,West Ham,Liverpool,1-0,1-0
1999-11-28,Arsenal,Derby,2-1,1-1
1999-11-28,Chelsea,Bradford,1-0,1-0
1999-11-28,Leeds,Southampton,1-0,0-0
1999-11-28,Newcastle,Tottenham,2-1,1-1
1999-12-04,Aston Villa,Newcastle,0-1,0-0
1999-12-04,Bradford,Middlesbrough,1-1,0-1
1999-12-04,Leicester,Arsenal,0-3,0-1
1999-12-04,Man United,Everton,5-1,3-1
1999-12-04,Southampton,Coventry,0-0,0-0
1999-12-04,Sunderland,Chelsea,4-1,4-0
1999-12-04,Wimbledon,Watford,5-0,2-0
1999-12-05,Derby,Leeds,0-1,0-0
1999-12-05,Liverpool,Sheffield Weds,4-1,2-1
1999-12-06,Tottenham,West Ham,0-0,0-0
1999-12-18,Arsenal,Wimbledon,1-1,0-1
1999-12-18,Aston Villa,Sheffield Weds,2-1,0-1
1999-12-18,Bradford,Newcastle,2-0,0-0
1999-12-18,Leicester,Derby,0-1,0-0
1999-12-18,Liverpool,Coventry,2-0,1-0
1999-12-18,Middlesbrough,Tottenham,2-1,1-1
1999-12-18,Sunderland,Southampton,2-0,1-0
1999-12-18,Watford,Everton,1-3,0-2
1999-12-18,West Ham,Man United,2-4,1-3
1999-12-19,Chelsea,Leeds,0-2,0-0
1999-12-26,Coventry,Arsenal,3-2,2-0
1999-12-26,Derby,Aston Villa,0-2,0-0
1999-12-26,Everton,Sunderland,5-0,3-0
1999-12-26,Leeds,Leicester,2-1,2-1
1999-12-26,Man United,Bradford,4-0,0-0
1999-12-26,Newcastle,Liverpool,2-2,1-1
1999-12-26,Sheffield Weds,Middlesbrough,1-0,1-0
1999-12-26,Southampton,Chelsea,1-2,0-2
1999-12-26,Tottenham,Watford,4-0,2-0
1999-12-26,Wimbledon,West Ham,2-2,1-1
1999-12-28,Arsenal,Leeds,2-0,1-0
1999-12-28,Bradford,Everton,0-0,0-0
1999-12-28,Leicester,Newcastle,1-2,0-1
1999-12-28,Liverpool,Wimbledon,3-1,0-0
1999-12-28,Sunderland,Man United,2-2,2-1
1999-12-28,Watford,Southampton,3-2,2-0
1999-12-28,West Ham,Derby,1-1,1-1
1999-12-29,Aston Villa,Tottenham,1-1,0-1
1999-12-29,Chelsea,Sheffield Weds,3-0,2-0
2000-01-03,Derby,Watford,2-0,1-0
2000-01-03,Everton,Leicester,2-2,1-2
2000-01-03,Leeds,Aston Villa,1-2,0-1
2000-01-03,Newcastle,West Ham,2-2,1-0
2000-01-03,Sheffield Weds,Arsenal,1-1,0-1
2000-01-03,Southampton,Bradford,1-0,0-0
2000-01-03,Tottenham,Liverpool,1-0,1-0
2000-01-03,Wimbledon,Sunderland,1-0,1-0
2000-01-04,Coventry,Chelsea,2-2,0-0
2000-01-08,Bradford,Chelsea,1-1,1-0
2000-01-12,Chelsea,Tottenham,1-0,0-0
2000-01-15,Arsenal,Sunderland,4-1,3-0
2000-01-15,Chelsea,Leicester,1-1,0-1
2000-01-15,Coventry,Wimbledon,2-0,0-0
2000-01-15,Everton,Tottenham,2-2,1-2
2000-01-15,Middlesbrough,Derby,1-4,0-1
2000-01-15,Sheffield Weds,Bradford,2-0,0-0
2000-01-15,Watford,Liverpool,2-3,1-2
2000-01-15,West Ham,Aston Villa,1-1,0-1
2000-01-16,Newcastle,Southampton,5-0,4-0
2000-01-22,Aston Villa,Chelsea,0-0,0-0
2000-01-22,Bradford,Watford,3-2,2-1
2000-01-22,Derby,Coventry,0-0,0-0
2000-01-22,Leicester,West Ham,1-3,1-2
2000-01-22,Liverpool,Middlesbrough,0-0,0-0
2000-01-22,Southampton,Everton,2-0,0-0
2000-01-22,Tottenham,Sheffield Weds,0-1,0-1
2000-01-22,Wimbledon,Newcastle,2-0,0-0
2000-01-23,Sunderland,Leeds,1-2,0-1
2000-01-24,Man United,Arsenal,1-1,0-1
2000-01-29,Man United,Middlesbrough,1-0,0-0
2000-02-02,Sheffield Weds,Man United,0-1,0-0
2000-02-05,Aston Villa,Watford,4-0,0-0
2000-02-05,Bradford,Arsenal,2-1,1-1
2000-02-05,Derby,Sheffield Weds,3-3,0-1
2000-02-05,Leicester,Middlesbrough,2-1,2-0
2000-02-05,Liverpool,Leeds,3-1,1-0
2000-02-05,Man United,Coventry,3-2,1-0
2000-02-05,Southampton,West Ham,2-1,0-0
2000-02-05,Sunderland,Newcastle,2-2,1-2
2000-02-05,Tottenham,Chelsea,0-1,0-0
2000-02-06,Wimbledon,Everton,0-3,0-0
2000-02-12,Chelsea,Wimbledon,3-1,0-0
2000-02-12,Coventry,Sunderland,3-2,3-0
2000-02-12,Everton,Derby,2-1,2-0
2000-02-12,Leeds,Tottenham,1-0,1-0
2000-02-12,Newcastle,Man United,3-0,1-0
2000-02-12,Sheffield Weds,Southampton,0-1,0-1
2000-02-12,Watford,Leicester,1-1,0-1
2000-02-12,West Ham,Bradford,5-4,2-2
2000-02-13,Arsenal,Liverpool,0-1,0-1
2000-02-14,Middlesbrough,Aston Villa,0-4,0-1
2000-02-19,Middlesbrough,Coventry,2-0,2-0
2000-02-20,Leeds,Man United,0-1,0-0
2000-02-26,Arsenal,Southampton,3-1,2-0
2000-02-26,Bradford,Aston Villa,1-1,0-1
2000-02-26,Chelsea,Watford,2-1,1-1
2000-02-26,Coventry,Tottenham,0-1,0-0
2000-02-26,Middlesbrough,Leeds,0-0,0-0
2000-02-26,Sheffield Weds,Newcastle,0-2,0-1
2000-02-26,Sunderland,Derby,1-1,0-0
2000-02-26,West Ham,Everton,0-4,0-1
2000-02-26,Wimbledon,Man United,2-2,1-1
2000-03-04,Derby,Wimbledon,4-0,0-0
2000-03-04,Everton,Sheffield Weds,1-1,1-0
2000-03-04,Man United,Liverpool,1-1,1-1
2000-03-04,Newcastle,Chelsea,0-1,0-1
2000-03-04,Southampton,Middlesbrough,1-1,1-1
2000-03-04,Tottenham,Bradford,1-1,1-1
2000-03-04,Watford,West Ham,1-2,0-2
2000-03-05,Aston Villa,Arsenal,1-1,0-0
2000-03-05,Leeds,Coventry,3-0,2-0
2000-03-05,Leicester,Sunderland,5-2,2-0
2000-03-08,West Ham,Southampton,2-0,1-0
2000-03-11,Aston Villa,Coventry,1-0,1-0
2000-03-11,Chelsea,Everton,1-1,1-0
2000-03-11,Liverpool,Sunderland,1-1,1-0
2000-03-11,Man United,Derby,3-1,1-0
2000-03-11,Newcastle,Watford,1-0,0-0
2000-03-11,Sheffield Weds,West Ham,3-1,0-1
2000-03-11,Tottenham,Southampton,7-2,4-2
2000-03-11,Wimbledon,Leicester,2-1,1-0
2000-03-12,Bradford,Leeds,1-2,0-1
2000-03-12,Middlesbrough,Arsenal,2-1,0-0
2000-03-15,Coventry,Everton,1-0,0-0
2000-03-15,Liverpool,Aston Villa,0-0,0-0
2000-03-18,Coventry,Bradford,4-0,2-0
2000-03-18,Derby,Liverpool,0-2,0-1
2000-03-18,Leicester,Man United,0-2,0-1
2000-03-18,Southampton,Aston Villa,2-0,1-0
2000-03-18,Sunderland,Middlesbrough,1-1,0-0
2000-03-18,Watford,Sheffield Weds,1-0,0-0
2000-03-18,West Ham,Chelsea,0-0,0-0
2000-03-19,Arsenal,Tottenham,2-1,2-1
2000-03-19,Everton,Newcastle,0-2,0-0
2000-03-19,Leeds,Wimbledon,4-1,3-1
2000-03-25,Aston Villa,Derby,2-0,1-0
2000-03-25,Bradford,Man United,0-4,0-2
2000-03-25,Chelsea,Southampton,1-1,0-0
2000-03-25,Liverpool,Newcastle,2-1,0-0
2000-03-25,Middlesbrough,Sheffield Weds,1-0,1-0
2000-03-25,Sunderland,Everton,2-1,1-1
2000-03-25,Watford,Tottenham,1-1,0-0
2000-03-26,Arsenal,Coventry,3-0,0-0
2000-03-26,Leicester,Leeds,2-1,1-1
2000-03-26,West Ham,Wimbledon,2-1,1-0
2000-04-01,Coventry,Liverpool,0-3,0-2
2000-04-01,Everton,Watford,4-2,3-1
2000-04-01,Leeds,Chelsea,0-1,0-0
2000-04-01,Man United,West Ham,7-1,3-1
2000-04-01,Newcastle,Bradford,2-0,1-0
2000-04-01,Southampton,Sunderland,1-2,0-1
2000-04-01,Wimbledon,Arsenal,1-3,1-2
2000-04-02,Derby,Leicester,3-0,3-0
2000-04-03,Tottenham,Middlesbrough,2-3,1-1
2000-04-05,Sheffield Weds,Aston Villa,0-1,0-0
2000-04-08,Bradford,Southampton,1-2,0-0
2000-04-08,Leicester,Everton,1-1,1-1
2000-04-08,Sunderland,Wimbledon,2-1,0-0
2000-04-08,Watford,Derby,0-0,0-0
2000-04-09,Aston Villa,Leeds,1-0,1-0
2000-04-09,Liverpool,Tottenham,2-0,1-0
2000-04-10,Middlesbrough,Man United,3-4,1-0
2000-04-12,Chelsea,Coventry,2-1,0-1
2000-04-12,West Ham,Newcastle,2-1,0-0
2000-04-12,Wimbledon,Sheffield Weds,0-2,0-1
2000-04-15,Coventry,Middlesbrough,2-1,1-0
2000-04-15,Derby,West Ham,1-2,0-2
2000-04-15,Everton,Bradford,4-0,2-0
2000-04-15,Man United,Sunderland,4-0,1-0
2000-04-15,Newcastle,Leicester,0-2,0-1
2000-04-15,Sheffield Weds,Chelsea,1-0,0-0
2000-04-15,Southampton,Watford,2-0,1-0
2000-04-15,Tottenham,Aston Villa,2-4,1-0
2000-04-16,Leeds,Arsenal,0-4,0-1
2000-04-16,Wimbledon,Liverpool,1-2,0-1
2000-04-19,Leicester,Tottenham,0-1,0-0
2000-04-21,Bradford,Derby,4-4,4-3
2000-04-21,Everton,Liverpool,0-0,0-0
2000-04-22,Aston Villa,Leicester,2-2,1-1
2000-04-22,Chelsea,Middlesbrough,1-1,1-1
2000-04-22,Sheffield Weds,Sunderland,0-2,0-0
2000-04-22,Southampton,Man United,1-3,0-3
2000-04-22,Tottenham,Wimbledon,2-0,2-0
2000-04-22,West Ham,Coventry,5-0,2-0
2000-04-23,Newcastle,Leeds,2-2,1-2
2000-04-23,Watford,Arsenal,2-3,0-3
2000-04-24,Derby,Southampton,2-0,2-0
2000-04-24,Man United,Chelsea,3-2,2-2
2000-04-24,Sunderland,Bradford,0-1,0-0
2000-04-29,Aston Villa,Sunderland,1-1,0-0
2000-04-29,Chelsea,Liverpool,2-0,2-0
2000-04-29,Everton,Arsenal,0-1,0-1
2000-04-29,Newcastle,Coventry,2-0,0-0
2000-04-29,Southampton,Leicester,1-2,1-1
2000-04-29,Tottenham,Derby,1-1,0-0
2000-04-29,Watford,Man United,2-3,1-0
2000-04-29,West Ham,Middlesbrough,0-1,0-0
2000-04-30,Bradford,Wimbledon,3-0,1-0
2000-04-30,Sheffield Weds,Leeds,0-3,0-1
2000-05-02,Arsenal,West Ham,2-1,0-1
2000-05-02,Middlesbrough,Newcastle,2-2,1-2
2000-05-03,Leeds,Watford,3-1,2-1
2000-05-03,Liverpool,Leicester,0-2,0-1
2000-05-06,Arsenal,Chelsea,2-1,1-0
2000-05-06,Coventry,Sheffield Weds,4-1,1-0
2000-05-06,Derby,Newcastle,0-0,0-0
2000-05-06,Leicester,Bradford,3-0,0-0
2000-05-06,Man United,Tottenham,3-1,3-1
2000-05-06,Middlesbrough,Watford,1-1,1-0
2000-05-06,Sunderland,West Ham,1-0,1-0
2000-05-06,Wimbledon,Aston Villa,2-2,1-0
2000-05-07,Liverpool,Southampton,0-0,0-0
2000-05-08,Leeds,Everton,1-1,1-0
2000-05-09,Arsenal,Sheffield Weds,3-3,1-0
2000-05-14,Aston Villa,Man United,0-1,0-0
2000-05-14,Bradford,Liverpool,1-0,1-0
2000-05-14,Chelsea,Derby,4-0,0-0
2000-05-14,Everton,Middlesbrough,0-2,0-1
2000-05-14,Newcastle,Arsenal,4-2,2-1
2000-05-14,Sheffield Weds,Leicester,4-0,2-0
2000-05-14,Southampton,Wimbledon,2-0,0-0
2000-05-14,Tottenham,Sunderland,3-1,1-1
2000-05-14,Watford,Coventry,1-0,1-0
2000-05-14,West Ham,Leeds,0-0,0-0
