Round,Date,Team 1,Team 2,FT,HT
-,-,Burnley,Bolton Wanderers,2-1,-
-,-,Cambridge United,Bolton Wanderers,2-2,-
-,-,Cardiff City,Bolton Wanderers,1-0,-
-,-,Carlisle United,Bolton Wanderers,0-2,-
-,-,Colchester United,Bolton Wanderers,3-0,-
-,-,Crewe Alexandra,Bolton Wanderers,2-1,-
-,-,Darlington,Bolton Wanderers,1-0,-
-,-,Exeter City,Bolton Wanderers,1-1,-
-,-,Halifax Town,Bolton Wanderers,0-0,-
-,-,Hartlepool United,Bolton Wanderers,0-0,-
-,-,Hereford United,Bolton Wanderers,0-3,-
-,-,Leyton Orient,Bolton Wanderers,1-2,-
-,-,Newport County,Bolton Wanderers,0-1,-
-,-,Peterborough United,Bolton Wanderers,0-4,-
-,-,Rochdale,Bolton Wanderers,2-2,-
-,-,Scarborough,Bolton Wanderers,4-0,-
-,-,Scunthorpe United,Bolton Wanderers,1-1,-
-,-,Stockport County,Bolton Wanderers,1-2,-
-,-,Swansea City,Bolton Wanderers,1-0,-
-,-,Torquay United,Bolton Wanderers,2-1,-
-,-,Tranmere Rovers,Bolton Wanderers,2-0,-
-,-,Wolverhampton Wanderers,Bolton Wanderers,4-0,-
-,-,Wrexham,Bolton Wanderers,0-1,-
-,-,Bolton Wanderers,Burnley,2-1,-
-,-,Cambridge United,Burnley,2-0,-
-,-,Cardiff City,Burnley,2-1,-
-,-,Carlisle United,Burnley,3-4,-
-,-,Colchester United,Burnley,0-1,-
-,-,Crewe Alexandra,Burnley,0-1,-
-,-,Darlington,Burnley,4-2,-
-,-,Exeter City,Burnley,1-2,-
-,-,Halifax Town,Burnley,2-1,-
-,-,Hartlepool United,Burnley,2-1,-
-,-,Hereford United,Burnley,2-1,-
-,-,Leyton Orient,Burnley,4-1,-
-,-,Newport County,Burnley,0-1,-
-,-,Peterborough United,Burnley,5-0,-
-,-,Rochdale,Burnley,2-1,-
-,-,Scarborough,Burnley,1-0,-
-,-,Scunthorpe United,Burnley,1-1,-
-,-,Stockport County,Burnley,2-0,-
-,-,Swansea City,Burnley,0-0,-
-,-,Torquay United,Burnley,1-3,-
-,-,Tranmere Rovers,Burnley,0-1,-
-,-,Wolverhampton Wanderers,Burnley,3-0,-
-,-,Wrexham,Burnley,1-3,-
-,-,Bolton Wanderers,Cambridge United,2-2,-
-,-,Burnley,Cambridge United,0-2,-
-,-,Cardiff City,Cambridge United,4-0,-
-,-,Carlisle United,Cambridge United,2-1,-
-,-,Colchester United,Cambridge United,0-0,-
-,-,Crewe Alexandra,Cambridge United,0-0,-
-,-,Darlington,Cambridge United,0-1,-
-,-,Exeter City,Cambridge United,3-0,-
-,-,Halifax Town,Cambridge United,1-1,-
-,-,Hartlepool United,Cambridge United,2-1,-
-,-,Hereford United,Cambridge United,1-0,-
-,-,Leyton Orient,Cambridge United,0-2,-
-,-,Newport County,Cambridge United,0-0,-
-,-,Peterborough United,Cambridge United,1-0,-
-,-,Rochdale,Cambridge United,2-1,-
-,-,Scarborough,Cambridge United,0-0,-
-,-,Scunthorpe United,Cambridge United,3-2,-
-,-,Stockport County,Cambridge United,0-2,-
-,-,Swansea City,Cambridge United,1-1,-
-,-,Torquay United,Cambridge United,0-1,-
-,-,Tranmere Rovers,Cambridge United,0-1,-
-,-,Wolverhampton Wanderers,Cambridge United,3-0,-
-,-,Wrexham,Cambridge United,3-0,-
-,-,Bolton Wanderers,Cardiff City,1-0,-
-,-,Burnley,Cardiff City,1-2,-
-,-,Cambridge United,Cardiff City,0-0,-
-,-,Carlisle United,Cardiff City,0-0,-
-,-,Colchester United,Cardiff City,2-1,-
-,-,Crewe Alexandra,Cardiff City,0-0,-
-,-,Darlington,Cardiff City,0-0,-
-,-,Exeter City,Cardiff City,0-2,-
-,-,Halifax Town,Cardiff City,0-1,-
-,-,Hartlepool United,Cardiff City,0-1,-
-,-,Hereford United,Cardiff City,1-2,-
-,-,Leyton Orient,Cardiff City,4-1,-
-,-,Newport County,Cardiff City,1-2,-
-,-,Peterborough United,Cardiff City,4-3,-
-,-,Rochdale,Cardiff City,2-2,-
-,-,Scarborough,Cardiff City,1-1,-
-,-,Scunthorpe United,Cardiff City,2-1,-
-,-,Stockport County,Cardiff City,0-1,-
-,-,Swansea City,Cardiff City,2-2,-
-,-,Torquay United,Cardiff City,2-0,-
-,-,Tranmere Rovers,Cardiff City,0-1,-
-,-,Wolverhampton Wanderers,Cardiff City,1-4,-
-,-,Wrexham,Cardiff City,3-0,-
-,-,Bolton Wanderers,Carlisle United,5-0,-
-,-,Burnley,Carlisle United,4-3,-
-,-,Cambridge United,Carlisle United,1-2,-
-,-,Cardiff City,Carlisle United,4-2,-
-,-,Colchester United,Carlisle United,1-0,-
-,-,Crewe Alexandra,Carlisle United,4-1,-
-,-,Darlington,Carlisle United,2-1,-
-,-,Exeter City,Carlisle United,1-1,-
-,-,Halifax Town,Carlisle United,1-1,-
-,-,Hartlepool United,Carlisle United,0-0,-
-,-,Hereford United,Carlisle United,2-0,-
-,-,Leyton Orient,Carlisle United,4-1,-
-,-,Newport County,Carlisle United,1-2,-
-,-,Peterborough United,Carlisle United,1-0,-
-,-,Rochdale,Carlisle United,1-2,-
-,-,Scarborough,Carlisle United,3-1,-
-,-,Scunthorpe United,Carlisle United,1-0,-
-,-,Stockport County,Carlisle United,3-0,-
-,-,Swansea City,Carlisle United,3-1,-
-,-,Torquay United,Carlisle United,1-0,-
-,-,Tranmere Rovers,Carlisle United,3-0,-
-,-,Wolverhampton Wanderers,Carlisle United,3-1,-
-,-,Wrexham,Carlisle United,4-0,-
-,-,Bolton Wanderers,Colchester United,4-0,-
-,-,Burnley,Colchester United,0-3,-
-,-,Cambridge United,Colchester United,0-1,-
-,-,Cardiff City,Colchester United,1-0,-
-,-,Carlisle United,Colchester United,4-0,-
-,-,Crewe Alexandra,Colchester United,0-0,-
-,-,Darlington,Colchester United,2-0,-
-,-,Exeter City,Colchester United,0-2,-
-,-,Halifax Town,Colchester United,1-2,-
-,-,Hartlepool United,Colchester United,3-1,-
-,-,Hereford United,Colchester United,1-0,-
-,-,Leyton Orient,Colchester United,0-0,-
-,-,Newport County,Colchester United,1-2,-
-,-,Peterborough United,Colchester United,2-0,-
-,-,Rochdale,Colchester United,1-4,-
-,-,Scarborough,Colchester United,3-1,-
-,-,Scunthorpe United,Colchester United,2-2,-
-,-,Stockport County,Colchester United,1-1,-
-,-,Swansea City,Colchester United,1-2,-
-,-,Torquay United,Colchester United,0-0,-
-,-,Tranmere Rovers,Colchester United,0-2,-
-,-,Wolverhampton Wanderers,Colchester United,2-0,-
-,-,Wrexham,Colchester United,0-1,-
-,-,Bolton Wanderers,Crewe Alexandra,1-1,-
-,-,Burnley,Crewe Alexandra,0-0,-
-,-,Cambridge United,Crewe Alexandra,4-1,-
-,-,Cardiff City,Crewe Alexandra,2-0,-
-,-,Carlisle United,Crewe Alexandra,0-1,-
-,-,Colchester United,Crewe Alexandra,1-4,-
-,-,Darlington,Crewe Alexandra,1-0,-
-,-,Exeter City,Crewe Alexandra,3-1,-
-,-,Halifax Town,Crewe Alexandra,1-2,-
-,-,Hartlepool United,Crewe Alexandra,2-1,-
-,-,Hereford United,Crewe Alexandra,1-1,-
-,-,Leyton Orient,Crewe Alexandra,1-1,-
-,-,Newport County,Crewe Alexandra,1-2,-
-,-,Peterborough United,Crewe Alexandra,0-4,-
-,-,Rochdale,Crewe Alexandra,2-2,-
-,-,Scarborough,Crewe Alexandra,2-0,-
-,-,Scunthorpe United,Crewe Alexandra,2-1,-
-,-,Stockport County,Crewe Alexandra,1-1,-
-,-,Swansea City,Crewe Alexandra,2-4,-
-,-,Torquay United,Crewe Alexandra,1-0,-
-,-,Tranmere Rovers,Crewe Alexandra,2-2,-
-,-,Wolverhampton Wanderers,Crewe Alexandra,2-2,-
-,-,Wrexham,Crewe Alexandra,2-1,-
-,-,Bolton Wanderers,Darlington,1-1,-
-,-,Burnley,Darlington,2-1,-
-,-,Cambridge United,Darlington,1-0,-
-,-,Cardiff City,Darlington,3-1,-
-,-,Carlisle United,Darlington,3-3,-
-,-,Colchester United,Darlington,2-1,-
-,-,Crewe Alexandra,Darlington,3-1,-
-,-,Exeter City,Darlington,4-1,-
-,-,Halifax Town,Darlington,2-2,-
-,-,Hartlepool United,Darlington,2-5,-
-,-,Hereford United,Darlington,1-0,-
-,-,Leyton Orient,Darlington,4-3,-
-,-,Newport County,Darlington,2-1,-
-,-,Peterborough United,Darlington,1-2,-
-,-,Rochdale,Darlington,1-3,-
-,-,Scarborough,Darlington,0-1,-
-,-,Scunthorpe United,Darlington,1-0,-
-,-,Stockport County,Darlington,1-1,-
-,-,Swansea City,Darlington,3-0,-
-,-,Torquay United,Darlington,0-0,-
-,-,Tranmere Rovers,Darlington,2-1,-
-,-,Wolverhampton Wanderers,Darlington,5-3,-
-,-,Wrexham,Darlington,0-1,-
-,-,Bolton Wanderers,Exeter City,1-0,-
-,-,Burnley,Exeter City,3-0,-
-,-,Cambridge United,Exeter City,2-1,-
-,-,Cardiff City,Exeter City,3-2,-
-,-,Carlisle United,Exeter City,0-0,-
-,-,Colchester United,Exeter City,0-2,-
-,-,Crewe Alexandra,Exeter City,0-0,-
-,-,Darlington,Exeter City,4-1,-
-,-,Halifax Town,Exeter City,2-0,-
-,-,Hartlepool United,Exeter City,3-1,-
-,-,Hereford United,Exeter City,1-1,-
-,-,Leyton Orient,Exeter City,2-3,-
-,-,Newport County,Exeter City,1-1,-
-,-,Peterborough United,Exeter City,2-1,-
-,-,Rochdale,Exeter City,0-0,-
-,-,Scarborough,Exeter City,3-1,-
-,-,Scunthorpe United,Exeter City,1-1,-
-,-,Stockport County,Exeter City,2-1,-
-,-,Swansea City,Exeter City,0-2,-
-,-,Torquay United,Exeter City,1-1,-
-,-,Tranmere Rovers,Exeter City,2-1,-
-,-,Wolverhampton Wanderers,Exeter City,3-0,-
-,-,Wrexham,Exeter City,3-0,-
-,-,Bolton Wanderers,Halifax Town,2-0,-
-,-,Burnley,Halifax Town,3-1,-
-,-,Cambridge United,Halifax Town,2-1,-
-,-,Cardiff City,Halifax Town,0-0,-
-,-,Carlisle United,Halifax Town,1-1,-
-,-,Colchester United,Halifax Town,2-1,-
-,-,Crewe Alexandra,Halifax Town,0-0,-
-,-,Darlington,Halifax Town,4-1,-
-,-,Exeter City,Halifax Town,1-2,-
-,-,Hartlepool United,Halifax Town,2-1,-
-,-,Hereford United,Halifax Town,2-1,-
-,-,Leyton Orient,Halifax Town,4-1,-
-,-,Newport County,Halifax Town,1-0,-
-,-,Peterborough United,Halifax Town,1-0,-
-,-,Rochdale,Halifax Town,0-0,-
-,-,Scarborough,Halifax Town,1-1,-
-,-,Scunthorpe United,Halifax Town,1-0,-
-,-,Stockport County,Halifax Town,1-0,-
-,-,Swansea City,Halifax Town,1-1,-
-,-,Torquay United,Halifax Town,1-2,-
-,-,Tranmere Rovers,Halifax Town,2-0,-
-,-,Wolverhampton Wanderers,Halifax Town,0-1,-
-,-,Wrexham,Halifax Town,2-2,-
-,-,Bolton Wanderers,Hartlepool United,1-2,-
-,-,Burnley,Hartlepool United,1-0,-
-,-,Cambridge United,Hartlepool United,1-1,-
-,-,Cardiff City,Hartlepool United,1-1,-
-,-,Carlisle United,Hartlepool United,1-3,-
-,-,Colchester United,Hartlepool United,0-0,-
-,-,Crewe Alexandra,Hartlepool United,1-1,-
-,-,Darlington,Hartlepool United,1-1,-
-,-,Exeter City,Hartlepool United,1-0,-
-,-,Halifax Town,Hartlepool United,3-1,-
-,-,Hereford United,Hartlepool United,4-2,-
-,-,Leyton Orient,Hartlepool United,0-2,-
-,-,Newport County,Hartlepool United,2-3,-
-,-,Peterborough United,Hartlepool United,0-1,-
-,-,Rochdale,Hartlepool United,0-2,-
-,-,Scarborough,Hartlepool United,1-1,-
-,-,Scunthorpe United,Hartlepool United,3-0,-
-,-,Stockport County,Hartlepool United,1-0,-
-,-,Swansea City,Hartlepool United,2-1,-
-,-,Torquay United,Hartlepool United,1-1,-
-,-,Tranmere Rovers,Hartlepool United,3-1,-
-,-,Wolverhampton Wanderers,Hartlepool United,2-0,-
-,-,Wrexham,Hartlepool United,2-1,-
-,-,Bolton Wanderers,Hereford United,1-0,-
-,-,Burnley,Hereford United,0-0,-
-,-,Cambridge United,Hereford United,0-1,-
-,-,Cardiff City,Hereford United,0-1,-
-,-,Carlisle United,Hereford United,3-1,-
-,-,Colchester United,Hereford United,1-0,-
-,-,Crewe Alexandra,Hereford United,0-0,-
-,-,Darlington,Hereford United,3-1,-
-,-,Exeter City,Hereford United,2-2,-
-,-,Halifax Town,Hereford United,2-1,-
-,-,Hartlepool United,Hereford United,1-2,-
-,-,Leyton Orient,Hereford United,4-0,-
-,-,Newport County,Hereford United,0-0,-
-,-,Peterborough United,Hereford United,1-2,-
-,-,Rochdale,Hereford United,3-1,-
-,-,Scarborough,Hereford United,2-1,-
-,-,Scunthorpe United,Hereford United,3-0,-
-,-,Stockport County,Hereford United,0-2,-
-,-,Swansea City,Hereford United,3-0,-
-,-,Torquay United,Hereford United,1-0,-
-,-,Tranmere Rovers,Hereford United,0-1,-
-,-,Wolverhampton Wanderers,Hereford United,2-0,-
-,-,Wrexham,Hereford United,0-0,-
-,-,Bolton Wanderers,Leyton Orient,1-0,-
-,-,Burnley,Leyton Orient,2-0,-
-,-,Cambridge United,Leyton Orient,2-0,-
-,-,Cardiff City,Leyton Orient,1-1,-
-,-,Carlisle United,Leyton Orient,1-2,-
-,-,Colchester United,Leyton Orient,0-0,-
-,-,Crewe Alexandra,Leyton Orient,3-3,-
-,-,Darlington,Leyton Orient,2-2,-
-,-,Exeter City,Leyton Orient,2-3,-
-,-,Halifax Town,Leyton Orient,1-0,-
-,-,Hartlepool United,Leyton Orient,2-2,-
-,-,Hereford United,Leyton Orient,0-3,-
-,-,Newport County,Leyton Orient,0-0,-
-,-,Peterborough United,Leyton Orient,1-2,-
-,-,Rochdale,Leyton Orient,1-3,-
-,-,Scarborough,Leyton Orient,3-1,-
-,-,Scunthorpe United,Leyton Orient,3-2,-
-,-,Stockport County,Leyton Orient,1-2,-
-,-,Swansea City,Leyton Orient,3-0,-
-,-,Torquay United,Leyton Orient,1-1,-
-,-,Tranmere Rovers,Leyton Orient,2-1,-
-,-,Wolverhampton Wanderers,Leyton Orient,2-0,-
-,-,Wrexham,Leyton Orient,2-2,-
-,-,Bolton Wanderers,Newport County,6-0,-
-,-,Burnley,Newport County,2-0,-
-,-,Cambridge United,Newport County,4-0,-
-,-,Cardiff City,Newport County,4-0,-
-,-,Carlisle United,Newport County,3-1,-
-,-,Colchester United,Newport County,0-0,-
-,-,Crewe Alexandra,Newport County,2-1,-
-,-,Darlington,Newport County,0-2,-
-,-,Exeter City,Newport County,3-0,-
-,-,Halifax Town,Newport County,3-1,-
-,-,Hartlepool United,Newport County,0-0,-
-,-,Hereford United,Newport County,4-2,-
-,-,Leyton Orient,Newport County,4-1,-
-,-,Peterborough United,Newport County,3-0,-
-,-,Rochdale,Newport County,3-0,-
-,-,Scarborough,Newport County,3-1,-
-,-,Scunthorpe United,Newport County,3-1,-
-,-,Stockport County,Newport County,5-1,-
-,-,Swansea City,Newport County,1-2,-
-,-,Torquay United,Newport County,6-1,-
-,-,Tranmere Rovers,Newport County,4-0,-
-,-,Wolverhampton Wanderers,Newport County,2-1,-
-,-,Wrexham,Newport County,4-1,-
-,-,Bolton Wanderers,Peterborough United,2-0,-
-,-,Burnley,Peterborough United,1-2,-
-,-,Cambridge United,Peterborough United,1-3,-
-,-,Cardiff City,Peterborough United,0-0,-
-,-,Carlisle United,Peterborough United,0-2,-
-,-,Colchester United,Peterborough United,4-1,-
-,-,Crewe Alexandra,Peterborough United,0-1,-
-,-,Darlington,Peterborough United,2-1,-
-,-,Exeter City,Peterborough United,0-1,-
-,-,Halifax Town,Peterborough United,0-0,-
-,-,Hartlepool United,Peterborough United,0-1,-
-,-,Hereford United,Peterborough United,0-1,-
-,-,Leyton Orient,Peterborough United,2-0,-
-,-,Newport County,Peterborough United,0-4,-
-,-,Rochdale,Peterborough United,1-1,-
-,-,Scarborough,Peterborough United,1-1,-
-,-,Scunthorpe United,Peterborough United,5-0,-
-,-,Stockport County,Peterborough United,0-1,-
-,-,Swansea City,Peterborough United,2-1,-
-,-,Torquay United,Peterborough United,0-0,-
-,-,Tranmere Rovers,Peterborough United,3-1,-
-,-,Wolverhampton Wanderers,Peterborough United,0-1,-
-,-,Wrexham,Peterborough United,3-1,-
-,-,Bolton Wanderers,Rochdale,0-0,-
-,-,Burnley,Rochdale,4-0,-
-,-,Cambridge United,Rochdale,1-2,-
-,-,Cardiff City,Rochdale,1-0,-
-,-,Carlisle United,Rochdale,2-0,-
-,-,Colchester United,Rochdale,1-0,-
-,-,Crewe Alexandra,Rochdale,0-1,-
-,-,Darlington,Rochdale,2-1,-
-,-,Exeter City,Rochdale,1-1,-
-,-,Halifax Town,Rochdale,1-2,-
-,-,Hartlepool United,Rochdale,1-1,-
-,-,Hereford United,Rochdale,0-0,-
-,-,Leyton Orient,Rochdale,8-0,-
-,-,Newport County,Rochdale,0-1,-
-,-,Peterborough United,Rochdale,1-1,-
-,-,Scarborough,Rochdale,2-1,-
-,-,Scunthorpe United,Rochdale,1-0,-
-,-,Stockport County,Rochdale,1-1,-
-,-,Swansea City,Rochdale,0-3,-
-,-,Torquay United,Rochdale,5-0,-
-,-,Tranmere Rovers,Rochdale,6-1,-
-,-,Wolverhampton Wanderers,Rochdale,2-0,-
-,-,Wrexham,Rochdale,2-3,-
-,-,Bolton Wanderers,Scarborough,3-1,-
-,-,Burnley,Scarborough,0-1,-
-,-,Cambridge United,Scarborough,1-0,-
-,-,Cardiff City,Scarborough,2-0,-
-,-,Carlisle United,Scarborough,4-0,-
-,-,Colchester United,Scarborough,1-3,-
-,-,Crewe Alexandra,Scarborough,1-0,-
-,-,Darlington,Scarborough,2-1,-
-,-,Exeter City,Scarborough,1-0,-
-,-,Halifax Town,Scarborough,2-2,-
-,-,Hartlepool United,Scarborough,1-0,-
-,-,Hereford United,Scarborough,1-1,-
-,-,Leyton Orient,Scarborough,3-1,-
-,-,Newport County,Scarborough,0-4,-
-,-,Peterborough United,Scarborough,0-0,-
-,-,Rochdale,Scarborough,1-1,-
-,-,Scunthorpe United,Scarborough,0-1,-
-,-,Stockport County,Scarborough,1-1,-
-,-,Swansea City,Scarborough,3-0,-
-,-,Torquay United,Scarborough,0-1,-
-,-,Tranmere Rovers,Scarborough,1-0,-
-,-,Wolverhampton Wanderers,Scarborough,0-0,-
-,-,Wrexham,Scarborough,1-0,-
-,-,Bolton Wanderers,Scunthorpe United,0-0,-
-,-,Burnley,Scunthorpe United,1-1,-
-,-,Cambridge United,Scunthorpe United,3-3,-
-,-,Cardiff City,Scunthorpe United,0-1,-
-,-,Carlisle United,Scunthorpe United,3-1,-
-,-,Colchester United,Scunthorpe United,0-3,-
-,-,Crewe Alexandra,Scunthorpe United,2-2,-
-,-,Darlington,Scunthorpe United,1-4,-
-,-,Exeter City,Scunthorpe United,1-1,-
-,-,Halifax Town,Scunthorpe United,2-2,-
-,-,Hartlepool United,Scunthorpe United,1-0,-
-,-,Hereford United,Scunthorpe United,2-3,-
-,-,Leyton Orient,Scunthorpe United,1-1,-
-,-,Newport County,Scunthorpe United,1-1,-
-,-,Peterborough United,Scunthorpe United,1-1,-
-,-,Rochdale,Scunthorpe United,2-1,-
-,-,Scarborough,Scunthorpe United,0-0,-
-,-,Stockport County,Scunthorpe United,1-1,-
-,-,Swansea City,Scunthorpe United,1-1,-
-,-,Torquay United,Scunthorpe United,1-2,-
-,-,Tranmere Rovers,Scunthorpe United,1-3,-
-,-,Wolverhampton Wanderers,Scunthorpe United,4-1,-
-,-,Wrexham,Scunthorpe United,2-1,-
-,-,Bolton Wanderers,Stockport County,2-1,-
-,-,Burnley,Stockport County,1-1,-
-,-,Cambridge United,Stockport County,2-0,-
-,-,Cardiff City,Stockport County,0-0,-
-,-,Carlisle United,Stockport County,2-0,-
-,-,Colchester United,Stockport County,2-0,-
-,-,Crewe Alexandra,Stockport County,3-1,-
-,-,Darlington,Stockport County,1-2,-
-,-,Exeter City,Stockport County,2-1,-
-,-,Halifax Town,Stockport County,2-0,-
-,-,Hartlepool United,Stockport County,1-3,-
-,-,Hereford United,Stockport County,0-1,-
-,-,Leyton Orient,Stockport County,1-1,-
-,-,Newport County,Stockport County,1-2,-
-,-,Peterborough United,Stockport County,0-0,-
-,-,Rochdale,Stockport County,0-1,-
-,-,Scarborough,Stockport County,1-1,-
-,-,Scunthorpe United,Stockport County,0-0,-
-,-,Swansea City,Stockport County,1-1,-
-,-,Torquay United,Stockport County,3-0,-
-,-,Tranmere Rovers,Stockport County,4-0,-
-,-,Wolverhampton Wanderers,Stockport County,1-1,-
-,-,Wrexham,Stockport County,2-1,-
-,-,Bolton Wanderers,Swansea City,1-1,-
-,-,Burnley,Swansea City,1-0,-
-,-,Cambridge United,Swansea City,0-3,-
-,-,Cardiff City,Swansea City,1-0,-
-,-,Carlisle United,Swansea City,0-1,-
-,-,Colchester United,Swansea City,2-1,-
-,-,Crewe Alexandra,Swansea City,2-2,-
-,-,Darlington,Swansea City,2-0,-
-,-,Exeter City,Swansea City,3-1,-
-,-,Halifax Town,Swansea City,3-1,-
-,-,Hartlepool United,Swansea City,0-2,-
-,-,Hereford United,Swansea City,0-0,-
-,-,Leyton Orient,Swansea City,3-0,-
-,-,Newport County,Swansea City,1-2,-
-,-,Peterborough United,Swansea City,0-1,-
-,-,Rochdale,Swansea City,2-3,-
-,-,Scarborough,Swansea City,2-0,-
-,-,Scunthorpe United,Swansea City,1-2,-
-,-,Stockport County,Swansea City,0-2,-
-,-,Torquay United,Swansea City,0-1,-
-,-,Tranmere Rovers,Swansea City,1-2,-
-,-,Wolverhampton Wanderers,Swansea City,2-0,-
-,-,Wrexham,Swansea City,1-2,-
-,-,Bolton Wanderers,Torquay United,1-2,-
-,-,Burnley,Torquay United,1-0,-
-,-,Cambridge United,Torquay United,1-0,-
-,-,Cardiff City,Torquay United,2-1,-
-,-,Carlisle United,Torquay United,3-3,-
-,-,Colchester United,Torquay United,0-1,-
-,-,Crewe Alexandra,Torquay United,0-1,-
-,-,Darlington,Torquay United,1-1,-
-,-,Exeter City,Torquay United,0-1,-
-,-,Halifax Town,Torquay United,2-3,-
-,-,Hartlepool United,Torquay United,0-0,-
-,-,Hereford United,Torquay United,0-0,-
-,-,Leyton Orient,Torquay United,0-2,-
-,-,Newport County,Torquay United,3-1,-
-,-,Peterborough United,Torquay United,0-2,-
-,-,Rochdale,Torquay United,1-1,-
-,-,Scarborough,Torquay United,1-2,-
-,-,Scunthorpe United,Torquay United,2-3,-
-,-,Stockport County,Torquay United,2-1,-
-,-,Swansea City,Torquay United,1-1,-
-,-,Tranmere Rovers,Torquay United,1-1,-
-,-,Wolverhampton Wanderers,Torquay United,1-2,-
-,-,Wrexham,Torquay United,2-3,-
-,-,Bolton Wanderers,Tranmere Rovers,2-0,-
-,-,Burnley,Tranmere Rovers,1-1,-
-,-,Cambridge United,Tranmere Rovers,1-1,-
-,-,Cardiff City,Tranmere Rovers,3-0,-
-,-,Carlisle United,Tranmere Rovers,3-2,-
-,-,Colchester United,Tranmere Rovers,0-0,-
-,-,Crewe Alexandra,Tranmere Rovers,0-0,-
-,-,Darlington,Tranmere Rovers,0-0,-
-,-,Exeter City,Tranmere Rovers,0-1,-
-,-,Halifax Town,Tranmere Rovers,2-1,-
-,-,Hartlepool United,Tranmere Rovers,1-2,-
-,-,Hereford United,Tranmere Rovers,1-1,-
-,-,Leyton Orient,Tranmere Rovers,3-1,-
-,-,Newport County,Tranmere Rovers,0-3,-
-,-,Peterborough United,Tranmere Rovers,2-1,-
-,-,Rochdale,Tranmere Rovers,0-0,-
-,-,Scarborough,Tranmere Rovers,2-0,-
-,-,Scunthorpe United,Tranmere Rovers,3-0,-
-,-,Stockport County,Tranmere Rovers,1-2,-
-,-,Swansea City,Tranmere Rovers,1-2,-
-,-,Torquay United,Tranmere Rovers,1-0,-
-,-,Wolverhampton Wanderers,Tranmere Rovers,3-0,-
-,-,Wrexham,Tranmere Rovers,3-0,-
-,-,Bolton Wanderers,Wolverhampton Wanderers,1-0,-
-,-,Burnley,Wolverhampton Wanderers,0-3,-
-,-,Cambridge United,Wolverhampton Wanderers,1-1,-
-,-,Cardiff City,Wolverhampton Wanderers,3-2,-
-,-,Carlisle United,Wolverhampton Wanderers,0-1,-
-,-,Colchester United,Wolverhampton Wanderers,0-1,-
-,-,Crewe Alexandra,Wolverhampton Wanderers,0-2,-
-,-,Darlington,Wolverhampton Wanderers,2-2,-
-,-,Exeter City,Wolverhampton Wanderers,2-4,-
-,-,Halifax Town,Wolverhampton Wanderers,2-1,-
-,-,Hartlepool United,Wolverhampton Wanderers,0-0,-
-,-,Hereford United,Wolverhampton Wanderers,1-2,-
-,-,Leyton Orient,Wolverhampton Wanderers,0-2,-
-,-,Newport County,Wolverhampton Wanderers,1-3,-
-,-,Peterborough United,Wolverhampton Wanderers,1-1,-
-,-,Rochdale,Wolverhampton Wanderers,0-1,-
-,-,Scarborough,Wolverhampton Wanderers,2-2,-
-,-,Scunthorpe United,Wolverhampton Wanderers,0-1,-
-,-,Stockport County,Wolverhampton Wanderers,0-2,-
-,-,Swansea City,Wolverhampton Wanderers,1-2,-
-,-,Torquay United,Wolverhampton Wanderers,0-0,-
-,-,Tranmere Rovers,Wolverhampton Wanderers,3-0,-
-,-,Wrexham,Wolverhampton Wanderers,4-2,-
-,-,Bolton Wanderers,Wrexham,2-0,-
-,-,Burnley,Wrexham,1-0,-
-,-,Cambridge United,Wrexham,0-1,-
-,-,Cardiff City,Wrexham,1-1,-
-,-,Carlisle United,Wrexham,0-4,-
-,-,Colchester United,Wrexham,1-2,-
-,-,Crewe Alexandra,Wrexham,2-0,-
-,-,Darlington,Wrexham,2-1,-
-,-,Exeter City,Wrexham,1-1,-
-,-,Halifax Town,Wrexham,2-0,-
-,-,Hartlepool United,Wrexham,1-0,-
-,-,Hereford United,Wrexham,0-2,-
-,-,Leyton Orient,Wrexham,2-1,-
-,-,Newport County,Wrexham,2-0,-
-,-,Peterborough United,Wrexham,1-0,-
-,-,Rochdale,Wrexham,1-2,-
-,-,Scarborough,Wrexham,0-2,-
-,-,Scunthorpe United,Wrexham,3-1,-
-,-,Stockport County,Wrexham,1-1,-
-,-,Swansea City,Wrexham,2-1,-
-,-,Torquay United,Wrexham,6-1,-
-,-,Tranmere Rovers,Wrexham,1-0,-
-,-,Wolverhampton Wanderers,Wrexham,0-2,-
