Round,Date,Team 1,Team 2,FT,HT
-,-,Blackburn Rovers,Aston Villa,0-2,-
-,-,Bolton Wanderers,Aston Villa,0-1,-
-,-,Bury,Aston Villa,0-1,-
-,-,Derby County,Aston Villa,2-0,-
-,-,Everton,Aston Villa,0-1,-
-,-,Grimsby Town,Aston Villa,0-2,-
-,-,Liverpool,Aston Villa,2-1,-
-,-,Middlesbrough,Aston Villa,1-2,-
-,-,Newcastle United,Aston Villa,2-0,-
-,-,Nottingham Forest,Aston Villa,2-0,-
-,-,Notts County,Aston Villa,2-1,-
-,-,Sheffield United,Aston Villa,2-4,-
-,-,Sheffield Wednesday,Aston Villa,4-0,-
-,-,Stoke City,Aston Villa,1-0,-
-,-,Sunderland,Aston Villa,1-0,-
-,-,West Bromwich Albion,Aston Villa,1-2,-
-,-,Wolverhampton Wanderers,Aston Villa,2-1,-
-,-,Aston Villa,Blackburn Rovers,5-0,-
-,-,Bolton Wanderers,Blackburn Rovers,1-2,-
-,-,Bury,Blackburn Rovers,1-1,-
-,-,Derby County,Blackburn Rovers,1-0,-
-,-,Everton,Blackburn Rovers,0-3,-
-,-,Grimsby Town,Blackburn Rovers,4-1,-
-,-,Liverpool,Blackburn Rovers,5-2,-
-,-,Middlesbrough,Blackburn Rovers,4-0,-
-,-,Newcastle United,Blackburn Rovers,1-0,-
-,-,Nottingham Forest,Blackburn Rovers,2-0,-
-,-,Notts County,Blackburn Rovers,4-0,-
-,-,Sheffield United,Blackburn Rovers,2-1,-
-,-,Sheffield Wednesday,Blackburn Rovers,0-0,-
-,-,Stoke City,Blackburn Rovers,0-2,-
-,-,Sunderland,Blackburn Rovers,2-2,-
-,-,West Bromwich Albion,Blackburn Rovers,5-3,-
-,-,Wolverhampton Wanderers,Blackburn Rovers,2-0,-
-,-,Aston Villa,Bolton Wanderers,4-2,-
-,-,Blackburn Rovers,Bolton Wanderers,4-2,-
-,-,Bury,Bolton Wanderers,3-0,-
-,-,Derby County,Bolton Wanderers,5-0,-
-,-,Everton,Bolton Wanderers,3-1,-
-,-,Grimsby Town,Bolton Wanderers,1-1,-
-,-,Liverpool,Bolton Wanderers,5-1,-
-,-,Middlesbrough,Bolton Wanderers,4-3,-
-,-,Newcastle United,Bolton Wanderers,2-0,-
-,-,Nottingham Forest,Bolton Wanderers,1-2,-
-,-,Notts County,Bolton Wanderers,1-3,-
-,-,Sheffield United,Bolton Wanderers,7-1,-
-,-,Sheffield Wednesday,Bolton Wanderers,3-0,-
-,-,Stoke City,Bolton Wanderers,2-0,-
-,-,Sunderland,Bolton Wanderers,3-1,-
-,-,West Bromwich Albion,Bolton Wanderers,2-1,-
-,-,Wolverhampton Wanderers,Bolton Wanderers,3-1,-
-,-,Aston Villa,Bury,2-2,-
-,-,Blackburn Rovers,Bury,0-3,-
-,-,Bolton Wanderers,Bury,1-0,-
-,-,Derby County,Bury,2-0,-
-,-,Everton,Bury,3-0,-
-,-,Grimsby Town,Bury,2-1,-
-,-,Liverpool,Bury,2-0,-
-,-,Middlesbrough,Bury,1-1,-
-,-,Newcastle United,Bury,1-0,-
-,-,Nottingham Forest,Bury,3-0,-
-,-,Notts County,Bury,1-0,-
-,-,Sheffield United,Bury,1-0,-
-,-,Sheffield Wednesday,Bury,2-0,-
-,-,Stoke City,Bury,1-0,-
-,-,Sunderland,Bury,3-1,-
-,-,West Bromwich Albion,Bury,1-3,-
-,-,Wolverhampton Wanderers,Bury,3-2,-
-,-,Aston Villa,Derby County,0-0,-
-,-,Blackburn Rovers,Derby County,2-4,-
-,-,Bolton Wanderers,Derby County,2-0,-
-,-,Bury,Derby County,1-0,-
-,-,Everton,Derby County,2-1,-
-,-,Grimsby Town,Derby County,4-1,-
-,-,Liverpool,Derby County,3-1,-
-,-,Middlesbrough,Derby County,3-1,-
-,-,Newcastle United,Derby County,2-1,-
-,-,Nottingham Forest,Derby County,2-3,-
-,-,Notts County,Derby County,2-1,-
-,-,Sheffield United,Derby County,3-2,-
-,-,Sheffield Wednesday,Derby County,0-1,-
-,-,Stoke City,Derby County,2-0,-
-,-,Sunderland,Derby County,2-0,-
-,-,West Bromwich Albion,Derby County,3-0,-
-,-,Wolverhampton Wanderers,Derby County,3-0,-
-,-,Aston Villa,Everton,2-1,-
-,-,Blackburn Rovers,Everton,3-2,-
-,-,Bolton Wanderers,Everton,1-3,-
-,-,Bury,Everton,4-2,-
-,-,Derby County,Everton,0-1,-
-,-,Grimsby Town,Everton,0-0,-
-,-,Liverpool,Everton,0-0,-
-,-,Middlesbrough,Everton,1-0,-
-,-,Newcastle United,Everton,3-0,-
-,-,Nottingham Forest,Everton,2-2,-
-,-,Notts County,Everton,2-0,-
-,-,Sheffield United,Everton,0-2,-
-,-,Sheffield Wednesday,Everton,4-1,-
-,-,Stoke City,Everton,2-0,-
-,-,Sunderland,Everton,2-1,-
-,-,West Bromwich Albion,Everton,2-1,-
-,-,Wolverhampton Wanderers,Everton,1-1,-
-,-,Aston Villa,Grimsby Town,2-2,-
-,-,Blackburn Rovers,Grimsby Town,2-0,-
-,-,Bolton Wanderers,Grimsby Town,0-1,-
-,-,Bury,Grimsby Town,2-1,-
-,-,Derby County,Grimsby Town,2-2,-
-,-,Everton,Grimsby Town,4-2,-
-,-,Liverpool,Grimsby Town,9-2,-
-,-,Middlesbrough,Grimsby Town,2-0,-
-,-,Newcastle United,Grimsby Town,1-0,-
-,-,Nottingham Forest,Grimsby Town,2-1,-
-,-,Notts County,Grimsby Town,0-1,-
-,-,Sheffield United,Grimsby Town,3-0,-
-,-,Sheffield Wednesday,Grimsby Town,1-1,-
-,-,Stoke City,Grimsby Town,1-1,-
-,-,Sunderland,Grimsby Town,5-1,-
-,-,West Bromwich Albion,Grimsby Town,1-0,-
-,-,Wolverhampton Wanderers,Grimsby Town,3-0,-
-,-,Aston Villa,Liverpool,1-2,-
-,-,Blackburn Rovers,Liverpool,3-1,-
-,-,Bolton Wanderers,Liverpool,1-1,-
-,-,Bury,Liverpool,3-1,-
-,-,Derby County,Liverpool,2-1,-
-,-,Everton,Liverpool,3-1,-
-,-,Grimsby Town,Liverpool,3-1,-
-,-,Middlesbrough,Liverpool,0-2,-
-,-,Newcastle United,Liverpool,1-2,-
-,-,Nottingham Forest,Liverpool,1-0,-
-,-,Notts County,Liverpool,1-2,-
-,-,Sheffield United,Liverpool,2-0,-
-,-,Sheffield Wednesday,Liverpool,3-1,-
-,-,Stoke City,Liverpool,1-0,-
-,-,Sunderland,Liverpool,2-1,-
-,-,West Bromwich Albion,Liverpool,1-2,-
-,-,Wolverhampton Wanderers,Liverpool,0-2,-
-,-,Aston Villa,Middlesbrough,5-0,-
-,-,Blackburn Rovers,Middlesbrough,0-1,-
-,-,Bolton Wanderers,Middlesbrough,2-1,-
-,-,Bury,Middlesbrough,3-1,-
-,-,Derby County,Middlesbrough,3-2,-
-,-,Everton,Middlesbrough,3-0,-
-,-,Grimsby Town,Middlesbrough,2-2,-
-,-,Liverpool,Middlesbrough,5-0,-
-,-,Newcastle United,Middlesbrough,0-1,-
-,-,Nottingham Forest,Middlesbrough,1-0,-
-,-,Notts County,Middlesbrough,2-0,-
-,-,Sheffield United,Middlesbrough,1-3,-
-,-,Sheffield Wednesday,Middlesbrough,2-0,-
-,-,Stoke City,Middlesbrough,0-2,-
-,-,Sunderland,Middlesbrough,2-1,-
-,-,West Bromwich Albion,Middlesbrough,1-0,-
-,-,Wolverhampton Wanderers,Middlesbrough,2-0,-
-,-,Aston Villa,Newcastle United,7-0,-
-,-,Blackburn Rovers,Newcastle United,3-1,-
-,-,Bolton Wanderers,Newcastle United,0-2,-
-,-,Bury,Newcastle United,1-0,-
-,-,Derby County,Newcastle United,0-0,-
-,-,Everton,Newcastle United,0-1,-
-,-,Grimsby Town,Newcastle United,1-0,-
-,-,Liverpool,Newcastle United,3-0,-
-,-,Middlesbrough,Newcastle United,1-0,-
-,-,Nottingham Forest,Newcastle United,3-2,-
-,-,Notts County,Newcastle United,2-2,-
-,-,Sheffield United,Newcastle United,2-1,-
-,-,Sheffield Wednesday,Newcastle United,3-0,-
-,-,Stoke City,Newcastle United,5-0,-
-,-,Sunderland,Newcastle United,0-0,-
-,-,West Bromwich Albion,Newcastle United,6-1,-
-,-,Wolverhampton Wanderers,Newcastle United,3-0,-
-,-,Aston Villa,Nottingham Forest,3-1,-
-,-,Blackburn Rovers,Nottingham Forest,2-2,-
-,-,Bolton Wanderers,Nottingham Forest,1-1,-
-,-,Bury,Nottingham Forest,3-1,-
-,-,Derby County,Nottingham Forest,0-1,-
-,-,Everton,Nottingham Forest,1-1,-
-,-,Grimsby Town,Nottingham Forest,0-1,-
-,-,Liverpool,Nottingham Forest,2-1,-
-,-,Middlesbrough,Nottingham Forest,2-0,-
-,-,Newcastle United,Nottingham Forest,0-2,-
-,-,Notts County,Nottingham Forest,1-1,-
-,-,Sheffield United,Nottingham Forest,2-0,-
-,-,Sheffield Wednesday,Nottingham Forest,1-0,-
-,-,Stoke City,Nottingham Forest,3-2,-
-,-,Sunderland,Nottingham Forest,0-1,-
-,-,West Bromwich Albion,Nottingham Forest,2-0,-
-,-,Wolverhampton Wanderers,Nottingham Forest,2-1,-
-,-,Aston Villa,Notts County,2-1,-
-,-,Blackburn Rovers,Notts County,1-2,-
-,-,Bolton Wanderers,Notts County,0-1,-
-,-,Bury,Notts County,3-1,-
-,-,Derby County,Notts County,4-1,-
-,-,Everton,Notts County,2-0,-
-,-,Grimsby Town,Notts County,1-1,-
-,-,Liverpool,Notts County,0-2,-
-,-,Middlesbrough,Notts County,2-1,-
-,-,Newcastle United,Notts County,6-1,-
-,-,Nottingham Forest,Notts County,0-0,-
-,-,Sheffield United,Notts County,3-0,-
-,-,Sheffield Wednesday,Notts County,2-0,-
-,-,Stoke City,Notts County,0-2,-
-,-,Sunderland,Notts County,2-1,-
-,-,West Bromwich Albion,Notts County,3-2,-
-,-,Wolverhampton Wanderers,Notts County,2-0,-
-,-,Aston Villa,Sheffield United,4-2,-
-,-,Blackburn Rovers,Sheffield United,2-0,-
-,-,Bolton Wanderers,Sheffield United,1-0,-
-,-,Bury,Sheffield United,3-1,-
-,-,Derby County,Sheffield United,1-0,-
-,-,Everton,Sheffield United,1-0,-
-,-,Grimsby Town,Sheffield United,1-2,-
-,-,Liverpool,Sheffield United,2-4,-
-,-,Middlesbrough,Sheffield United,0-2,-
-,-,Newcastle United,Sheffield United,0-0,-
-,-,Nottingham Forest,Sheffield United,2-2,-
-,-,Notts County,Sheffield United,1-1,-
-,-,Sheffield Wednesday,Sheffield United,0-1,-
-,-,Stoke City,Sheffield United,0-1,-
-,-,Sunderland,Sheffield United,0-0,-
-,-,West Bromwich Albion,Sheffield United,3-3,-
-,-,Wolverhampton Wanderers,Sheffield United,1-3,-
-,-,Aston Villa,Sheffield Wednesday,1-0,-
-,-,Blackburn Rovers,Sheffield Wednesday,2-1,-
-,-,Bolton Wanderers,Sheffield Wednesday,0-2,-
-,-,Bury,Sheffield Wednesday,4-0,-
-,-,Derby County,Sheffield Wednesday,1-0,-
-,-,Everton,Sheffield Wednesday,1-1,-
-,-,Grimsby Town,Sheffield Wednesday,0-1,-
-,-,Liverpool,Sheffield Wednesday,4-2,-
-,-,Middlesbrough,Sheffield Wednesday,2-1,-
-,-,Newcastle United,Sheffield Wednesday,3-0,-
-,-,Nottingham Forest,Sheffield Wednesday,1-4,-
-,-,Notts County,Sheffield Wednesday,0-3,-
-,-,Sheffield United,Sheffield Wednesday,2-3,-
-,-,Stoke City,Sheffield Wednesday,4-0,-
-,-,Sunderland,Sheffield Wednesday,0-1,-
-,-,West Bromwich Albion,Sheffield Wednesday,2-3,-
-,-,Wolverhampton Wanderers,Sheffield Wednesday,2-1,-
-,-,Aston Villa,Stoke City,2-0,-
-,-,Blackburn Rovers,Stoke City,1-1,-
-,-,Bolton Wanderers,Stoke City,2-3,-
-,-,Bury,Stoke City,2-1,-
-,-,Derby County,Stoke City,2-0,-
-,-,Everton,Stoke City,0-1,-
-,-,Grimsby Town,Stoke City,2-2,-
-,-,Liverpool,Stoke City,1-1,-
-,-,Middlesbrough,Stoke City,1-1,-
-,-,Newcastle United,Stoke City,5-0,-
-,-,Nottingham Forest,Stoke City,1-3,-
-,-,Notts County,Stoke City,3-0,-
-,-,Sheffield United,Stoke City,1-3,-
-,-,Sheffield Wednesday,Stoke City,1-0,-
-,-,Sunderland,Stoke City,0-0,-
-,-,West Bromwich Albion,Stoke City,2-1,-
-,-,Wolverhampton Wanderers,Stoke City,1-0,-
-,-,Aston Villa,Sunderland,0-1,-
-,-,Blackburn Rovers,Sunderland,0-2,-
-,-,Bolton Wanderers,Sunderland,2-0,-
-,-,Bury,Sunderland,3-1,-
-,-,Derby County,Sunderland,5-2,-
-,-,Everton,Sunderland,0-3,-
-,-,Grimsby Town,Sunderland,2-4,-
-,-,Liverpool,Sunderland,1-1,-
-,-,Middlesbrough,Sunderland,0-1,-
-,-,Newcastle United,Sunderland,1-0,-
-,-,Nottingham Forest,Sunderland,5-2,-
-,-,Notts County,Sunderland,0-0,-
-,-,Sheffield United,Sunderland,1-0,-
-,-,Sheffield Wednesday,Sunderland,1-0,-
-,-,Stoke City,Sunderland,1-1,-
-,-,West Bromwich Albion,Sunderland,0-3,-
-,-,Wolverhampton Wanderers,Sunderland,3-3,-
-,-,Aston Villa,West Bromwich Albion,0-3,-
-,-,Blackburn Rovers,West Bromwich Albion,1-0,-
-,-,Bolton Wanderers,West Bromwich Albion,0-1,-
-,-,Bury,West Bromwich Albion,1-2,-
-,-,Derby County,West Bromwich Albion,1-0,-
-,-,Everton,West Bromwich Albion,3-1,-
-,-,Grimsby Town,West Bromwich Albion,4-0,-
-,-,Liverpool,West Bromwich Albion,0-2,-
-,-,Middlesbrough,West Bromwich Albion,1-1,-
-,-,Newcastle United,West Bromwich Albion,1-0,-
-,-,Nottingham Forest,West Bromwich Albion,3-1,-
-,-,Notts County,West Bromwich Albion,3-1,-
-,-,Sheffield United,West Bromwich Albion,1-2,-
-,-,Sheffield Wednesday,West Bromwich Albion,3-1,-
-,-,Stoke City,West Bromwich Albion,3-0,-
-,-,Sunderland,West Bromwich Albion,0-0,-
-,-,Wolverhampton Wanderers,West Bromwich Albion,1-2,-
-,-,Aston Villa,Wolverhampton Wanderers,3-1,-
-,-,Blackburn Rovers,Wolverhampton Wanderers,1-0,-
-,-,Bolton Wanderers,Wolverhampton Wanderers,4-1,-
-,-,Bury,Wolverhampton Wanderers,4-0,-
-,-,Derby County,Wolverhampton Wanderers,3-1,-
-,-,Everton,Wolverhampton Wanderers,2-1,-
-,-,Grimsby Town,Wolverhampton Wanderers,1-2,-
-,-,Liverpool,Wolverhampton Wanderers,4-1,-
-,-,Middlesbrough,Wolverhampton Wanderers,2-0,-
-,-,Newcastle United,Wolverhampton Wanderers,2-4,-
-,-,Nottingham Forest,Wolverhampton Wanderers,2-0,-
-,-,Notts County,Wolverhampton Wanderers,0-0,-
-,-,Sheffield United,Wolverhampton Wanderers,3-0,-
-,-,Sheffield Wednesday,Wolverhampton Wanderers,1-1,-
-,-,Stoke City,Wolverhampton Wanderers,3-0,-
-,-,Sunderland,Wolverhampton Wanderers,3-0,-
-,-,West Bromwich Albion,Wolverhampton Wanderers,2-2,-
