Round,Date,Team 1,Team 2,FT,HT
-,-,Barnsley,Arsenal,3-0,-
-,-,Birmingham City,Arsenal,2-1,-
-,-,Blackpool,Arsenal,1-1,-
-,-,Burnley,Arsenal,3-0,-
-,-,Burton Swifts,Arsenal,1-0,-
-,-,Chesterfield,Arsenal,0-1,-
-,-,Gainsborough Trinity,Arsenal,1-0,-
-,-,Glossop North End,Arsenal,0-1,-
-,-,Grimsby Town,Arsenal,1-0,-
-,-,Leicester City,Arsenal,1-0,-
-,-,Lincoln City,Arsenal,3-3,-
-,-,Manchester United,Arsenal,1-0,-
-,-,Middlesbrough,Arsenal,1-1,-
-,-,New Brighton Tower,Arsenal,1-0,-
-,-,Port Vale,Arsenal,1-0,-
-,-,Stockport County,Arsenal,3-1,-
-,-,Walsall,Arsenal,1-0,-
-,-,Arsenal,Barnsley,1-2,-
-,-,Birmingham City,Barnsley,3-1,-
-,-,Blackpool,Barnsley,1-1,-
-,-,Burnley,Barnsley,4-0,-
-,-,Burton Swifts,Barnsley,1-1,-
-,-,Chesterfield,Barnsley,1-2,-
-,-,Gainsborough Trinity,Barnsley,4-2,-
-,-,Glossop North End,Barnsley,2-1,-
-,-,Grimsby Town,Barnsley,1-0,-
-,-,Leicester City,Barnsley,2-0,-
-,-,Lincoln City,Barnsley,3-0,-
-,-,Manchester United,Barnsley,1-0,-
-,-,Middlesbrough,Barnsley,3-0,-
-,-,New Brighton Tower,Barnsley,2-0,-
-,-,Port Vale,Barnsley,3-2,-
-,-,Stockport County,Barnsley,2-1,-
-,-,Walsall,Barnsley,3-0,-
-,-,Arsenal,Birmingham City,1-0,-
-,-,Barnsley,Birmingham City,1-2,-
-,-,Blackpool,Birmingham City,0-0,-
-,-,Burnley,Birmingham City,1-0,-
-,-,Burton Swifts,Birmingham City,0-2,-
-,-,Chesterfield,Birmingham City,1-1,-
-,-,Gainsborough Trinity,Birmingham City,1-2,-
-,-,Glossop North End,Birmingham City,2-0,-
-,-,Grimsby Town,Birmingham City,1-1,-
-,-,Leicester City,Birmingham City,1-1,-
-,-,Lincoln City,Birmingham City,3-1,-
-,-,Manchester United,Birmingham City,0-1,-
-,-,Middlesbrough,Birmingham City,0-1,-
-,-,New Brighton Tower,Birmingham City,0-0,-
-,-,Port Vale,Birmingham City,2-2,-
-,-,Stockport County,Birmingham City,0-0,-
-,-,Walsall,Birmingham City,2-2,-
-,-,Arsenal,Blackpool,3-1,-
-,-,Barnsley,Blackpool,0-1,-
-,-,Birmingham City,Blackpool,10-1,-
-,-,Burnley,Blackpool,4-0,-
-,-,Burton Swifts,Blackpool,1-2,-
-,-,Chesterfield,Blackpool,2-0,-
-,-,Gainsborough Trinity,Blackpool,1-3,-
-,-,Glossop North End,Blackpool,6-0,-
-,-,Grimsby Town,Blackpool,2-0,-
-,-,Leicester City,Blackpool,3-1,-
-,-,Lincoln City,Blackpool,3-0,-
-,-,Manchester United,Blackpool,4-0,-
-,-,Middlesbrough,Blackpool,3-1,-
-,-,New Brighton Tower,Blackpool,0-0,-
-,-,Port Vale,Blackpool,4-0,-
-,-,Stockport County,Blackpool,0-1,-
-,-,Walsall,Blackpool,1-2,-
-,-,Arsenal,Burnley,3-1,-
-,-,Barnsley,Burnley,2-1,-
-,-,Birmingham City,Burnley,0-1,-
-,-,Blackpool,Burnley,0-1,-
-,-,Burton Swifts,Burnley,1-0,-
-,-,Chesterfield,Burnley,1-3,-
-,-,Gainsborough Trinity,Burnley,3-0,-
-,-,Glossop North End,Burnley,0-1,-
-,-,Grimsby Town,Burnley,2-1,-
-,-,Leicester City,Burnley,1-1,-
-,-,Lincoln City,Burnley,2-0,-
-,-,Manchester United,Burnley,0-1,-
-,-,Middlesbrough,Burnley,0-0,-
-,-,New Brighton Tower,Burnley,2-1,-
-,-,Port Vale,Burnley,1-0,-
-,-,Stockport County,Burnley,3-2,-
-,-,Walsall,Burnley,2-0,-
-,-,Arsenal,Burton Swifts,3-1,-
-,-,Barnsley,Burton Swifts,3-2,-
-,-,Birmingham City,Burton Swifts,2-0,-
-,-,Blackpool,Burton Swifts,2-0,-
-,-,Burnley,Burton Swifts,2-1,-
-,-,Chesterfield,Burton Swifts,2-0,-
-,-,Gainsborough Trinity,Burton Swifts,2-1,-
-,-,Glossop North End,Burton Swifts,3-0,-
-,-,Grimsby Town,Burton Swifts,5-2,-
-,-,Leicester City,Burton Swifts,5-2,-
-,-,Lincoln City,Burton Swifts,2-1,-
-,-,Manchester United,Burton Swifts,1-1,-
-,-,Middlesbrough,Burton Swifts,3-1,-
-,-,New Brighton Tower,Burton Swifts,3-1,-
-,-,Port Vale,Burton Swifts,4-0,-
-,-,Stockport County,Burton Swifts,2-0,-
-,-,Walsall,Burton Swifts,1-5,-
-,-,Arsenal,Chesterfield,1-0,-
-,-,Barnsley,Chesterfield,4-1,-
-,-,Birmingham City,Chesterfield,0-0,-
-,-,Blackpool,Chesterfield,1-1,-
-,-,Burnley,Chesterfield,5-1,-
-,-,Burton Swifts,Chesterfield,0-4,-
-,-,Gainsborough Trinity,Chesterfield,2-3,-
-,-,Glossop North End,Chesterfield,1-1,-
-,-,Grimsby Town,Chesterfield,5-2,-
-,-,Leicester City,Chesterfield,1-3,-
-,-,Lincoln City,Chesterfield,2-0,-
-,-,Manchester United,Chesterfield,1-0,-
-,-,Middlesbrough,Chesterfield,2-0,-
-,-,New Brighton Tower,Chesterfield,1-1,-
-,-,Port Vale,Chesterfield,5-1,-
-,-,Stockport County,Chesterfield,3-1,-
-,-,Walsall,Chesterfield,2-2,-
-,-,Arsenal,Gainsborough Trinity,2-1,-
-,-,Barnsley,Gainsborough Trinity,1-3,-
-,-,Birmingham City,Gainsborough Trinity,6-0,-
-,-,Blackpool,Gainsborough Trinity,1-1,-
-,-,Burnley,Gainsborough Trinity,2-1,-
-,-,Burton Swifts,Gainsborough Trinity,1-0,-
-,-,Chesterfield,Gainsborough Trinity,2-2,-
-,-,Glossop North End,Gainsborough Trinity,3-1,-
-,-,Grimsby Town,Gainsborough Trinity,0-0,-
-,-,Leicester City,Gainsborough Trinity,1-0,-
-,-,Lincoln City,Gainsborough Trinity,6-0,-
-,-,Manchester United,Gainsborough Trinity,0-0,-
-,-,Middlesbrough,Gainsborough Trinity,9-2,-
-,-,New Brighton Tower,Gainsborough Trinity,3-2,-
-,-,Port Vale,Gainsborough Trinity,1-1,-
-,-,Stockport County,Gainsborough Trinity,1-2,-
-,-,Walsall,Gainsborough Trinity,3-3,-
-,-,Arsenal,Glossop North End,2-0,-
-,-,Barnsley,Glossop North End,2-2,-
-,-,Birmingham City,Glossop North End,1-0,-
-,-,Blackpool,Glossop North End,0-0,-
-,-,Burnley,Glossop North End,5-1,-
-,-,Burton Swifts,Glossop North End,1-3,-
-,-,Chesterfield,Glossop North End,0-1,-
-,-,Gainsborough Trinity,Glossop North End,1-1,-
-,-,Grimsby Town,Glossop North End,1-0,-
-,-,Leicester City,Glossop North End,1-2,-
-,-,Lincoln City,Glossop North End,1-1,-
-,-,Manchester United,Glossop North End,3-0,-
-,-,Middlesbrough,Glossop North End,2-2,-
-,-,New Brighton Tower,Glossop North End,1-0,-
-,-,Port Vale,Glossop North End,0-0,-
-,-,Stockport County,Glossop North End,1-3,-
-,-,Walsall,Glossop North End,2-1,-
-,-,Arsenal,Grimsby Town,1-1,-
-,-,Barnsley,Grimsby Town,2-3,-
-,-,Birmingham City,Grimsby Town,2-1,-
-,-,Blackpool,Grimsby Town,0-1,-
-,-,Burnley,Grimsby Town,3-0,-
-,-,Burton Swifts,Grimsby Town,1-2,-
-,-,Chesterfield,Grimsby Town,3-3,-
-,-,Gainsborough Trinity,Grimsby Town,0-1,-
-,-,Glossop North End,Grimsby Town,0-0,-
-,-,Leicester City,Grimsby Town,4-0,-
-,-,Lincoln City,Grimsby Town,0-1,-
-,-,Manchester United,Grimsby Town,1-0,-
-,-,Middlesbrough,Grimsby Town,0-0,-
-,-,New Brighton Tower,Grimsby Town,5-0,-
-,-,Port Vale,Grimsby Town,0-0,-
-,-,Stockport County,Grimsby Town,0-1,-
-,-,Walsall,Grimsby Town,0-0,-
-,-,Arsenal,Leicester City,2-1,-
-,-,Barnsley,Leicester City,1-0,-
-,-,Birmingham City,Leicester City,0-0,-
-,-,Blackpool,Leicester City,1-0,-
-,-,Burnley,Leicester City,0-0,-
-,-,Burton Swifts,Leicester City,0-1,-
-,-,Chesterfield,Leicester City,1-0,-
-,-,Gainsborough Trinity,Leicester City,0-0,-
-,-,Glossop North End,Leicester City,3-1,-
-,-,Grimsby Town,Leicester City,4-1,-
-,-,Lincoln City,Leicester City,1-0,-
-,-,Manchester United,Leicester City,2-3,-
-,-,Middlesbrough,Leicester City,2-1,-
-,-,New Brighton Tower,Leicester City,0-0,-
-,-,Port Vale,Leicester City,0-0,-
-,-,Stockport County,Leicester City,3-1,-
-,-,Walsall,Leicester City,2-0,-
-,-,Arsenal,Lincoln City,0-0,-
-,-,Barnsley,Lincoln City,0-0,-
-,-,Birmingham City,Lincoln City,2-0,-
-,-,Blackpool,Lincoln City,2-0,-
-,-,Burnley,Lincoln City,1-0,-
-,-,Burton Swifts,Lincoln City,0-0,-
-,-,Chesterfield,Lincoln City,2-0,-
-,-,Gainsborough Trinity,Lincoln City,1-1,-
-,-,Glossop North End,Lincoln City,2-0,-
-,-,Grimsby Town,Lincoln City,4-0,-
-,-,Leicester City,Lincoln City,0-2,-
-,-,Manchester United,Lincoln City,4-1,-
-,-,Middlesbrough,Lincoln City,2-0,-
-,-,New Brighton Tower,Lincoln City,2-0,-
-,-,Port Vale,Lincoln City,2-0,-
-,-,Stockport County,Lincoln City,1-0,-
-,-,Walsall,Lincoln City,3-0,-
-,-,Arsenal,Manchester United,2-1,-
-,-,Barnsley,Manchester United,6-2,-
-,-,Birmingham City,Manchester United,1-0,-
-,-,Blackpool,Manchester United,1-2,-
-,-,Burnley,Manchester United,1-0,-
-,-,Burton Swifts,Manchester United,3-1,-
-,-,Chesterfield,Manchester United,2-1,-
-,-,Gainsborough Trinity,Manchester United,0-1,-
-,-,Glossop North End,Manchester United,1-0,-
-,-,Grimsby Town,Manchester United,2-0,-
-,-,Leicester City,Manchester United,1-0,-
-,-,Lincoln City,Manchester United,2-0,-
-,-,Middlesbrough,Manchester United,1-2,-
-,-,New Brighton Tower,Manchester United,2-0,-
-,-,Port Vale,Manchester United,2-0,-
-,-,Stockport County,Manchester United,1-0,-
-,-,Walsall,Manchester United,1-1,-
-,-,Arsenal,Middlesbrough,1-0,-
-,-,Barnsley,Middlesbrough,3-1,-
-,-,Birmingham City,Middlesbrough,2-1,-
-,-,Blackpool,Middlesbrough,3-0,-
-,-,Burnley,Middlesbrough,2-0,-
-,-,Burton Swifts,Middlesbrough,0-0,-
-,-,Chesterfield,Middlesbrough,2-3,-
-,-,Gainsborough Trinity,Middlesbrough,1-1,-
-,-,Glossop North End,Middlesbrough,2-0,-
-,-,Grimsby Town,Middlesbrough,2-0,-
-,-,Leicester City,Middlesbrough,1-0,-
-,-,Lincoln City,Middlesbrough,1-2,-
-,-,Manchester United,Middlesbrough,4-0,-
-,-,New Brighton Tower,Middlesbrough,3-1,-
-,-,Port Vale,Middlesbrough,0-2,-
-,-,Stockport County,Middlesbrough,0-1,-
-,-,Walsall,Middlesbrough,0-0,-
-,-,Arsenal,New Brighton Tower,2-1,-
-,-,Barnsley,New Brighton Tower,1-1,-
-,-,Birmingham City,New Brighton Tower,4-0,-
-,-,Blackpool,New Brighton Tower,1-2,-
-,-,Burnley,New Brighton Tower,2-1,-
-,-,Burton Swifts,New Brighton Tower,1-0,-
-,-,Chesterfield,New Brighton Tower,0-1,-
-,-,Gainsborough Trinity,New Brighton Tower,4-1,-
-,-,Glossop North End,New Brighton Tower,0-1,-
-,-,Grimsby Town,New Brighton Tower,5-2,-
-,-,Leicester City,New Brighton Tower,1-1,-
-,-,Lincoln City,New Brighton Tower,2-0,-
-,-,Manchester United,New Brighton Tower,1-0,-
-,-,Middlesbrough,New Brighton Tower,2-1,-
-,-,Port Vale,New Brighton Tower,1-3,-
-,-,Stockport County,New Brighton Tower,0-5,-
-,-,Walsall,New Brighton Tower,3-3,-
-,-,Arsenal,Port Vale,3-0,-
-,-,Barnsley,Port Vale,1-3,-
-,-,Birmingham City,Port Vale,2-1,-
-,-,Blackpool,Port Vale,2-1,-
-,-,Burnley,Port Vale,1-0,-
-,-,Burton Swifts,Port Vale,0-2,-
-,-,Chesterfield,Port Vale,1-1,-
-,-,Gainsborough Trinity,Port Vale,2-1,-
-,-,Glossop North End,Port Vale,1-2,-
-,-,Grimsby Town,Port Vale,6-1,-
-,-,Leicester City,Port Vale,0-0,-
-,-,Lincoln City,Port Vale,2-2,-
-,-,Manchester United,Port Vale,4-0,-
-,-,Middlesbrough,Port Vale,4-0,-
-,-,New Brighton Tower,Port Vale,1-1,-
-,-,Stockport County,Port Vale,1-1,-
-,-,Walsall,Port Vale,2-1,-
-,-,Arsenal,Stockport County,2-0,-
-,-,Barnsley,Stockport County,2-0,-
-,-,Birmingham City,Stockport County,2-0,-
-,-,Blackpool,Stockport County,3-0,-
-,-,Burnley,Stockport County,3-1,-
-,-,Burton Swifts,Stockport County,3-2,-
-,-,Chesterfield,Stockport County,4-2,-
-,-,Gainsborough Trinity,Stockport County,2-0,-
-,-,Glossop North End,Stockport County,6-0,-
-,-,Grimsby Town,Stockport County,5-1,-
-,-,Leicester City,Stockport County,2-2,-
-,-,Lincoln City,Stockport County,4-0,-
-,-,Manchester United,Stockport County,3-1,-
-,-,Middlesbrough,Stockport County,2-0,-
-,-,New Brighton Tower,Stockport County,3-0,-
-,-,Port Vale,Stockport County,0-1,-
-,-,Walsall,Stockport County,1-3,-
-,-,Arsenal,Walsall,1-1,-
-,-,Barnsley,Walsall,2-1,-
-,-,Birmingham City,Walsall,2-1,-
-,-,Blackpool,Walsall,1-0,-
-,-,Burnley,Walsall,0-0,-
-,-,Burton Swifts,Walsall,2-1,-
-,-,Chesterfield,Walsall,1-1,-
-,-,Gainsborough Trinity,Walsall,1-0,-
-,-,Glossop North End,Walsall,2-0,-
-,-,Grimsby Town,Walsall,0-0,-
-,-,Leicester City,Walsall,5-0,-
-,-,Lincoln City,Walsall,2-0,-
-,-,Manchester United,Walsall,1-1,-
-,-,Middlesbrough,Walsall,2-1,-
-,-,New Brighton Tower,Walsall,5-1,-
-,-,Port Vale,Walsall,2-2,-
-,-,Stockport County,Walsall,4-1,-
